X,Graphic Profile 1
0,26.1193
0.00027732,26.2304
0.000554639,25.9511
0.000831959,24.5087
0.001109279,24.2506
0.001386599,24.665
0.001663918,24.0168
0.001941238,23.7023
0.002218558,24.5592
0.002495878,25.8993
0.002773197,28.0698
0.003050517,29.8872
0.003327837,30.9553
0.003605157,31.1688
0.003882476,32.9985
0.004159796,36.3324
0.004437116,37.1321
0.004714436,33.2399
0.004991755,30.5626
0.005269075,31.511
0.005546395,32.776
0.005823715,32.864
0.006101034,30.896
0.006378354,29.9668
0.006655674,29.5684
0.006932993,31.4949
0.007210313,32.9024
0.007487633,33.1698
0.007764953,34.0761
0.008042272,35.2081
0.008319592,36.5325
0.008596912,37.564
0.008874232,38.5301
0.009151551,39.9173
0.009428871,41.004
0.009706191,41.6162
0.009983511,41.6868
0.01026083,42.385
0.01053815,43.6766
0.01081547,42.4913
0.01109279,40.3745
0.011370109,39.9063
0.011647429,41.1044
0.011924749,41.8637
0.012202069,42.6145
0.012479388,42.2354
0.012756708,41
0.013034028,40.4963
0.013311347,40.5234
0.013588667,39.7857
0.013865987,38.4076
0.014143307,38.3036
0.014420626,39.7395
0.014697946,40.7003
0.014975266,41.1197
0.015252586,41.2308
0.015529905,40.503
0.015807225,40.0202
0.016084545,40.8638
0.016361865,42.3627
0.016639184,44.5295
0.016916504,44.703
0.017193824,44.0188
0.017471144,42.9965
0.017748463,43
0.018025783,42.205
0.018303103,40.7153
0.018580423,38.2155
0.018857742,34.7676
0.019135062,31.2212
0.019412382,30.9349
0.019689701,32.3326
0.019967021,33.6165
0.020244341,34.711
0.020521661,36.3041
0.02079898,36.8492
0.0210763,36.4866
0.02135362,37.677
0.02163094,38.5131
0.021908259,40.0965
0.022185579,40.967
0.022462899,39.0874
0.022740219,37.1488
0.023017538,36.3171
0.023294858,36.4533
0.023572178,36.5644
0.023849498,36.0785
0.024126817,36.3537
0.024404137,35.9673
0.024681457,35.208
0.024958777,33.5861
0.025236096,32.3106
0.025513416,33.019
0.025790736,32.9358
0.026068055,33.0043
0.026345375,33.9061
0.026622695,34.7867
0.026900015,34.8978
0.027177334,33.5355
0.027454654,33
0.027731974,32.8431
0.028009294,31.643
0.028286613,30.6149
0.028563933,30.871
0.028841253,31.2953
0.029118573,29.4495
0.029395892,27.0014
0.029673212,25.2605
0.029950532,26.6352
0.030227852,29.4502
0.030505171,30.4461
0.030782491,29.9567
0.031059811,29.2295
0.03133713,28.9744
0.03161445,28.2159
0.03189177,28.534
0.03216909,29.1356
0.032446409,28.0972
0.032723729,24.7432
0.033001049,22.5595
0.033278369,23.457
0.033555688,26.0932
0.033833008,27
0.034110328,26.2829
0.034387648,26.2748
0.034664967,26.7757
0.034942287,26.5855
0.035219607,26.5113
0.035496927,27.2406
0.035774246,27.374
0.036051566,28.3316
0.036328886,29.683
0.036606206,29.8476
0.036883525,29.6964
0.037160845,29.0483
0.037438165,29.1203
0.037715484,29.2314
0.037992804,29.5319
0.038270124,30.9954
0.038547444,32.515
0.038824763,32.5654
0.039102083,31.2348
0.039379403,30.0049
0.039656723,30.6242
0.039934042,30.8801
0.040211362,29.7288
0.040488682,27.1329
0.040766002,26.3902
0.041043321,27.1934
0.041320641,27.7635
0.041597961,26.8901
0.041875281,26.1308
0.0421526,27.0084
0.04242992,28.2674
0.04270724,28.7809
0.04298456,27.5298
0.043261879,26.4045
0.043539199,26.4351
0.043816519,26.7386
0.044093838,26.4433
0.044371158,25.072
0.044648478,24.2435
0.044925798,25.145
0.045203117,28.7016
0.045480437,31.069
0.045757757,31.9552
0.046035077,30.4823
0.046312396,28.9818
0.046589716,28.2225
0.046867036,26.0469
0.047144356,23.2286
0.047421675,20.1097
0.047698995,22.0888
0.047976315,24.3793
0.048253635,25.9196
0.048530954,25.5599
0.048808274,24.7982
0.049085594,27.5209
0.049362914,29.6746
0.049640233,30.2009
0.049917553,28.1124
0.050194873,30.1691
0.050472192,32.799
0.050749512,33.3071
0.051026832,33.1267
0.051304152,31.6285
0.051581471,31
0.051858791,31.0625
0.052136111,31.9195
0.052413431,32.7502
0.05269075,32.6739
0.05296807,31.4154
0.05324539,29.4531
0.05352271,28.5631
0.053800029,27.1506
0.054077349,27.137
0.054354669,28
0.054631989,28
0.054909308,26.8139
0.055186628,25.4786
0.055463948,25.2789
0.055741268,23.8764
0.056018587,22.7831
0.056295907,21.5622
0.056573227,21.6748
0.056850546,21.0266
0.057127866,20.3784
0.057405186,20.2697
0.057682506,20.4805
0.057959825,18.2724
0.058237145,16.8062
0.058514465,17.2315
0.058791785,18.6023
0.059069104,19.0085
0.059346424,19.1362
0.059623744,19.6768
0.059901064,21.2244
0.060178383,21.9837
0.060455703,22.4459
0.060733023,22.9325
0.061010343,22.8692
0.061287662,22.3039
0.061564982,20.2403
0.061842302,19.0641
0.062119622,18.4985
0.062396941,17.9455
0.062674261,18.1396
0.062951581,18.6568
0.0632289,18.5854
0.06350622,18.4288
0.06378354,17.2905
0.06406086,16.8934
0.064338179,17.1772
0.064615499,17.6282
0.064892819,16.1328
0.065170139,14.5921
0.065447458,14.617
0.065724778,14.5939
0.066002098,14.4602
0.066279418,13.6348
0.066556737,13.8123
0.066834057,14.377
0.067111377,16.8673
0.067388697,17.3773
0.067666016,18.065
0.067943336,18.5936
0.068220447,22.048
0.068497559,23.363
0.06877467,23.9919
0.069051782,23.4708
0.069328893,22.9621
0.069606005,24.394
0.069883116,25.9939
0.070160227,24.5418
0.070437339,22.2654
0.07071445,21.6068
0.070991562,22.3795
0.071268673,23.6018
0.071545784,25.4163
0.071822896,27.4358
0.072100007,29.3644
0.072377119,30.9867
0.07265423,32.4499
0.072931342,32.2147
0.073208453,30.914
0.073485564,29.2277
0.073762676,28.0947
0.074039787,26.8644
0.074316899,26.6066
0.07459401,27.3574
0.074871121,28.1289
0.075148233,28.6448
0.075425344,27.9337
0.075702456,28.1862
0.075979567,28.9698
0.076256679,24.128
0.07653379,22.3885
0.076810901,22.3173
0.077088013,22.705
0.077365124,22.9046
0.077642236,23.9253
0.077919347,24.2556
0.078196458,23.3814
0.07847357,21.9211
0.078750681,20.8169
0.079027793,21.3191
0.079304904,21.7333
0.079582016,21.9843
0.079859127,22.6934
0.080136238,23.6709
0.08041335,23.182
0.080690461,21.5607
0.080967573,21
0.081244684,20.741
0.081521796,21.0017
0.081798907,22.3207
0.082076018,22.8419
0.08235313,20.721
0.082630241,19.1713
0.082907353,19.5538
0.083184464,19.9949
0.083461575,19.4267
0.083738687,18.9383
0.084015798,19.0264
0.08429291,19.2822
0.084570021,19.9283
0.084847133,19.5517
0.085124244,19.1429
0.085401355,19.2964
0.085678467,19.5413
0.085955578,18.2805
0.08623269,17.096
0.086509801,17.0625
0.086786912,16.9184
0.087064024,15.8901
0.087341135,16.5883
0.087618247,17.0555
0.087895358,17.7659
0.08817247,17.5858
0.088449581,16.4574
0.088726692,16.6104
0.089003804,18.9122
0.089280915,19.0726
0.089558027,17.5438
0.089835138,15.4825
0.090112249,16.5201
0.090389361,18.5268
0.090666472,21.6543
0.090943584,22.9001
0.091220695,22.9549
0.091497807,22.079
0.091774918,22.3825
0.092052029,22.0876
0.092329141,20.4931
0.092606252,18.8134
0.092883364,18.3365
0.093160475,20.163
0.093437586,22.8056
0.093714698,21.0717
0.093991809,17.7113
0.094268921,15.397
0.094546032,15.4297
0.094823144,15.3816
0.095100255,14.4608
0.095377366,13.6479
0.095654478,12.4712
0.095931589,11.6135
0.096208701,11.3814
0.096485812,12.1461
0.096762923,12.9325
0.097040035,12.0118
0.097317146,11.0898
0.097594258,11.8316
0.097871369,12.702
0.098148481,13.6744
0.098425592,13.4042
0.098702703,13
0.098979815,12.8844
0.099256926,12.8349
0.099534038,12.6415
0.099811149,12.8445
0.10008826,11.843
0.100365372,10.3354
0.100642483,10.0311
0.100919595,10.0463
0.101196706,10.1651
0.101473818,10.6005
0.101750929,11.3778
0.10202804,11.6869
0.102305152,12.99
0.102582263,14.9543
0.102859375,16.2777
0.103136486,17.3957
0.103413597,18.8143
0.103690709,21.8104
0.10396782,22.5973
0.104244932,22.0552
0.104522043,22.3338
0.104799155,21.9805
0.105076266,21.4416
0.105353377,21.2385
0.105630489,22.4289
0.1059076,22.843
0.106184712,22.8739
0.106461823,23.0627
0.106738935,23.4451
0.107016046,24.3028
0.107293157,27.3991
0.107570269,28.8117
0.10784738,26.1588
0.108124492,24.558
0.108401603,25.7042
0.108678714,26.9989
0.108955826,26.5888
0.109232937,26.8601
0.109510049,28.5724
0.10978716,30.5098
0.110064272,33.3282
0.110341383,34.5424
0.110618494,34.7547
0.110895606,33.1138
0.111172717,32.0328
0.111449829,32.9482
0.11172694,34.4316
0.112004051,33.545
0.112281163,31.5766
0.112558274,30.5232
0.112835386,30.5767
0.113112497,30.7583
0.113389609,29.8073
0.11366672,27.4637
0.113943831,26.4318
0.114220943,26.4928
0.114498054,29.1895
0.114775166,30.4934
0.115052277,30.1118
0.115329388,29.4413
0.1156065,30.8609
0.115883611,32.8185
0.116160723,33.6664
0.116437834,33.1738
0.116714946,32.2737
0.116992057,31.4006
0.117269168,31
0.11754628,30.3396
0.117823391,30.3934
0.118100503,32.1377
0.118377614,32.968
0.118654725,33
0.118931837,32.7267
0.119208948,31.8859
0.11948606,31.0145
0.119763171,30.1445
0.120040283,29.34
0.120317394,29.5701
0.120594505,30.2622
0.120871617,29.5073
0.121148728,27.6533
0.12142584,25.2146
0.121702951,24.0095
0.121980062,23.0873
0.122257174,24.6682
0.122534285,25.5702
0.122811397,24.9474
0.123088508,24.0061
0.12336562,24.7082
0.123642731,25.0992
0.123919842,24.4801
0.124196954,23.3295
0.124474065,23.5994
0.124751177,25.8735
0.125028288,24.9192
0.125305399,23.1314
0.125582511,22.1589
0.125859622,22
0.126136734,21.9421
0.126413845,23.7021
0.126690957,24.4163
0.126968068,23.005
0.127245179,21.5811
0.127522291,22.2357
0.127799402,24.512
0.128076514,24.8944
0.128353625,25.4856
0.128630736,27.6681
0.128907848,27.9164
0.129184959,26.6515
0.129462071,26.1933
0.129739182,26.2783
0.130016294,27.2126
0.130293405,29.662
0.130570516,29.8138
0.130847628,28.7315
0.131124739,27.8294
0.131401851,27.5084
0.131678962,27.8664
0.131956074,28.1666
0.132233185,27.6254
0.132510296,26.1489
0.132787408,25.1536
0.133064519,25.1699
0.133341631,24.7279
0.133618742,23.9129
0.133895853,23.1086
0.134172965,23.5931
0.134450076,24.6909
0.134727188,24.674
0.135004299,24.9098
0.135281411,26.1617
0.135558522,25.8394
0.135835633,26.3783
0.136112745,27.8072
0.136389856,28
0.136666968,28.186
0.136944079,28.5783
0.13722119,28.1811
0.137498302,27.204
0.137775413,26.56
0.138052525,25.9846
0.138329636,24.9422
0.138606748,24.3396
0.138883859,24.474
0.13916097,24.8453
0.139438082,25.3842
0.139715193,25.9231
0.139992305,25.1306
0.140269416,24.2765
0.140546958,23.3409
0.1408245,22.393
0.141102042,21.7998
0.141379584,21.2151
0.141657126,21.0189
0.141934668,20.792
0.14221221,21.0781
0.142489752,22.4379
0.142767294,23.5334
0.143044836,21.8199
0.143322378,16.851
0.14359992,16.0257
0.143877462,17.6277
0.144155005,17.179
0.144432547,15.8953
0.144710089,15.2742
0.144987631,15.7175
0.145265173,15.6664
0.145542715,15.5272
0.145820257,17.7369
0.146097799,21.2649
0.146375341,22.3216
0.146652883,21.3829
0.146930425,19.95
0.147207967,17.467
0.147485509,13.9811
0.147763051,13.263
0.148040593,13.9267
0.148318135,14
0.148595677,14.1562
0.148873219,14.111
0.149150761,14.171
0.149428303,14
0.149705845,12.9366
0.149983387,11.2728
0.150260929,10.0928
0.150538471,10.9346
0.150816013,12.8827
0.151093555,14.169
0.151371097,14.8101
0.151648639,13.3919
0.151926181,14.048
0.152203723,16.8546
0.152481266,16.7461
0.152758808,16.9469
0.15303635,16.5846
0.153313892,16.7653
0.153591434,17.5121
0.153868976,16.9674
0.154146518,15.681
0.15442406,14.4685
0.154701602,13.6287
0.154979144,12.3863
0.155256686,10.9796
0.155534228,10.7249
0.15581177,11.0763
0.156089312,10.9865
0.156366854,10.3844
0.156644396,10.0019
0.156921938,9.4713
0.15719948,9.9327
0.157477022,10
0.157754564,10.9135
0.158032106,11.7303
0.158309648,11.591
0.15858719,12.1302
0.158864732,12.3784
0.159142274,11.7937
0.159419816,11.351
0.159697358,10.8238
0.1599749,10.1192
0.160252442,10.5452
0.160529985,11.1103
0.160807527,11
0.161085069,10.1114
0.161362611,10
0.161640153,10.5386
0.161917695,10.1092
0.162195237,9.3785
0.162472779,9
0.162750321,9
0.163027863,9.965
0.163305405,11.7919
0.163582947,11.8767
0.163860489,10.7311
0.164138031,10.8033
0.164415573,13.8517
0.164693115,16.1931
0.164970657,16.9931
0.165248199,16.215
0.165525741,16.0289
0.165803283,16
0.166080825,16.798
0.166358367,17.6638
0.166635909,17.4007
0.166913451,17
0.167190993,16.3668
0.167468535,16
0.167746077,15.994
0.168023619,16.4543
0.168301161,17.7143
0.168578703,18.7378
0.168856246,17.5039
0.169133788,16.2322
0.16941133,16.1089
0.169688872,16.8788
0.169966414,18.0879
0.170243956,18.6742
0.170521498,18.8431
0.17079904,19.0833
0.171076582,19.5679
0.171354124,19.7131
0.171631666,18.6403
0.171909208,17.0812
0.17218675,15.5729
0.172464292,14.7276
0.172741834,14.1224
0.173019376,14.675
0.173296918,17.0543
0.17357446,18.5942
0.173852002,18.9442
0.174129544,18.1302
0.174407086,15.9579
0.174684628,15.7798
0.17496217,16.2175
0.175239712,16.6736
0.175517254,15.6694
0.175794796,13.7672
0.176072338,12.5339
0.17634988,13.2278
0.176627422,14.6841
0.176904965,15.4608
0.177182507,15.1496
0.177460049,16.1097
0.177737591,17.6596
0.178015133,18.9459
0.178292675,18.9631
0.178570217,18.1727
0.178847759,17.0785
0.179125301,16.8248
0.179402843,15.6999
0.179680385,13.5364
0.179957927,11.3836
0.180235469,10.4971
0.180513011,9.9347
0.180790553,9.351
0.181068095,7.8146
0.181345637,7.9661
0.181623179,8.846
0.181900721,8.1041
0.182178263,7.9973
0.182455805,9.6593
0.182733347,9.0129
0.183010889,8.142
0.183288431,8
0.183565973,8.669
0.183843515,9
0.184121057,9.538
0.184398599,10.0278
0.184676141,10.4095
0.184953683,10.6777
0.185231226,10.831
0.185508768,10.1467
0.18578631,9
0.186063852,9.0867
0.186341394,10.0108
0.186618936,10.129
0.186896478,8.9366
0.18717402,6.0574
0.187451562,5.9178
0.187729104,7.4805
0.188006646,8
0.188284188,7.446
0.18856173,7.5065
0.188839272,8.4421
0.189116814,9.369
0.189394356,9.5095
0.189671898,8.6198
0.18994944,8.109
0.190226982,8.7958
0.190504524,10.8321
0.190782066,11.8643
0.191059608,11.5215
0.19133715,10.3088
0.191614692,8.3687
0.191892234,8.3892
0.192169776,8.9608
0.192447318,8.4881
0.19272486,8
0.193002402,8.0312
0.193279945,7.8829
0.193557487,7.0179
0.193835029,6.295
0.194112571,7.1439
0.194390112,8.1873
0.194667653,9.495
0.194945195,9.3577
0.195222736,9
0.195500278,9.5
0.195777819,10.555
0.19605536,10.0373
0.196332902,8.6351
0.196610443,7.0575
0.196887985,7.8775
0.197165526,8.4275
0.197443067,8.1489
0.197720609,7.6778
0.19799815,7.3766
0.198275692,7
0.198553233,6.102
0.198830774,5.4923
0.199108316,6.21
0.199385857,7.0899
0.199663399,6.9018
0.19994094,6.3124
0.200218481,5.777
0.200496023,6.113
0.200773564,6.886
0.201051106,9.1908
0.201328647,10.9861
0.201606188,12.2493
0.20188373,13.8998
0.202161271,14.8099
0.202438813,14.3961
0.202716354,13.6258
0.202993895,13
0.203271437,13
0.203548978,13.691
0.20382652,14.4655
0.204104061,14.1826
0.204381602,13.234
0.204659144,12.1436
0.204936685,11.2881
0.205214227,10.3012
0.205491768,9.1113
0.205769309,7.6341
0.206046851,6.7126
0.206324392,5.9992
0.206601934,5.4885
0.206879475,5.8385
0.207157016,4.7766
0.207434558,3.9369
0.207712099,3.297
0.207989641,4.263
0.208267182,4.3688
0.208544723,4.4082
0.208822265,4.8189
0.209099806,5.8184
0.209377348,6.7016
0.209654889,7.2248
0.20993243,8
0.210209972,8.11
0.210487513,9
0.210765055,8.6315
0.211042596,8.0285
0.211320137,9.114
0.211597679,9.6991
0.21187522,9.2482
0.212152762,7.8135
0.212430303,6.2466
0.212707844,4.4169
0.212985386,3.2029
0.213262927,3.3165
0.213540469,4.3746
0.21381801,4.9103
0.214095551,3.9685
0.214373093,3.0399
0.214650634,2.1458
0.214928176,2.9547
0.215205717,4.5656
0.215483258,5.6187
0.2157608,5.8177
0.216038341,5.7381
0.216315883,5.8225
0.216593424,5.6552
0.216870965,6.2263
0.217148507,7.5639
0.217426048,9.7023
0.21770359,9.9594
0.217981131,9.184
0.218258672,8.3742
0.218536214,8.199
0.218813755,7.6276
0.219091297,7.3615
0.219368838,7.1951
0.219646379,7.4873
0.219923921,8.4456
0.220201462,9.1468
0.220479004,9.6962
0.220756545,8.7852
0.221034086,9.6744
0.221311628,10.1212
0.221589169,10.9885
0.221866711,11
0.222144252,10.7229
0.222421793,10.6539
0.222699335,10.0122
0.222976876,9.6225
0.223254418,9.6573
0.223531959,10
0.2238095,10.2641
0.224087042,11.1711
0.224364583,12
0.224642125,11.9341
0.224919666,10.0151
0.225197207,6.8605
0.225474749,6.7363
0.22575229,7.5438
0.226029832,7.1363
0.226307373,5.8911
0.226584914,5.3976
0.226862456,5.957
0.227139997,5.9453
0.227417539,5.4713
0.22769508,6.2631
0.227972621,9.275
0.228250163,12.7251
0.228527704,13.8503
0.228805246,13.5132
0.229082787,13.127
0.229360328,13.2592
0.22963787,13.0295
0.229915411,13.0775
0.230192953,13.6436
0.230470494,13.8784
0.230748035,13.7527
0.231025577,12.6245
0.231303118,11.2094
0.23158066,12.5072
0.231858201,16.625
0.232135742,19.0301
0.232413284,19.5069
0.232690825,19.1406
0.232968367,18.5142
0.233245908,17.6738
0.233523449,16.9734
0.233800991,17.2473
0.234078532,17.7123
0.234356074,18.2815
0.234633615,19.082
0.234911156,19.0155
0.235188698,18.971
0.235466239,18.7626
0.235743781,18.2517
0.236021322,16.9059
0.236298863,15.5126
0.236576405,15.458
0.236853946,15.7087
0.237131488,15.4314
0.237409029,13.7458
0.23768657,11.894
0.237964112,11.9399
0.238241653,11.2713
0.238519195,9.9979
0.238796736,10.0413
0.239074277,11.1606
0.239351819,13.1011
0.23962936,14.8841
0.239906902,15.9138
0.240184443,15.9096
0.240461984,14.1656
0.240739526,12.0912
0.241017067,11.4777
0.241294609,11.9508
0.24157215,11.6897
0.241849691,10.7276
0.242127233,10.0224
0.242404774,10.4138
0.242682316,11.7215
0.242959857,12.8483
0.243237398,13.3333
0.24351494,13.0468
0.243792481,13.6128
0.244070023,14
0.244347564,13.5442
0.244625105,12.8105
0.244902647,12.9186
0.245180188,13.4905
0.24545773,14.6119
0.245735271,14.0607
0.246012812,14.5628
0.246290354,14.1853
0.246567895,13.1375
0.246845437,12.5601
0.247122978,12.0088
0.247400519,12.3796
0.247678061,11.7405
0.247955602,11.3781
0.248233144,12.0113
0.248510685,13.2793
0.248788226,15.8198
0.249065768,16.7296
0.249343309,16.8127
0.249620851,15.6542
0.249898392,15.2354
0.250175933,15.8501
0.250453475,16
0.250731016,15.3582
0.251008558,15.9271
0.251286099,17.2217
0.25156364,18.2634
0.251841182,18.9798
0.252118723,19.7419
0.252396265,18.6898
0.252673806,18.3741
0.252951347,19.1014
0.253228889,19.5279
0.25350643,19.7595
0.253783972,20.1897
0.254061513,20.1827
0.254339054,18.7445
0.254616596,16.8965
0.254894137,15.5268
0.255171679,15.7382
0.25544922,17.7483
0.255726761,19.9014
0.256004303,20.3302
0.256281844,20.6585
0.256559386,20.1044
0.256836927,20.5096
0.257114468,19.2798
0.25739201,17.8666
0.257669551,16.9176
0.257947093,17.0463
0.258224634,18.0364
0.258502175,18.1944
0.258779717,17.8174
0.259057258,17.7028
0.2593348,18.2174
0.259612341,19.1389
0.259889882,20
0.260167424,20.0022
0.260444965,19.0965
0.260722507,19
0.261000048,18.1823
0.261277589,17.5543
0.261555131,17.0848
0.261832672,18.4518
0.262110214,19.4325
0.262387755,19.7078
0.262665296,17.9617
0.262942838,15.6376
0.263220379,13.8814
0.263497921,13
0.263775462,12.8574
0.264053003,11.5882
0.264330545,10.212
0.264608086,10.8623
0.264885628,12.5374
0.265163169,13.5274
0.26544071,12.5592
0.265718252,11.1543
0.265995793,11.3337
0.266273335,12.3526
0.266550876,12.9958
0.266828417,12.5498
0.267105959,11.9912
0.2673835,12.3157
0.267661042,12.6241
0.267938583,11.3665
0.268216124,10.4264
0.268493666,11.5181
0.268771207,12.4462
0.269048749,12.0216
0.26932629,12.0526
0.269603831,12.3133
0.269881373,13
0.270158914,13.1805
0.270436456,14.4882
0.270713997,15.7959
0.270991538,17.6735
0.27126908,17.9103
0.271546621,18
0.271824163,18.9192
0.272101704,20.9411
0.272379245,21.3046
0.272656787,19.8253
0.272934328,19
0.27321187,19.1923
0.273489411,18.9267
0.273766952,18.864
0.274044494,17.9425
0.274322035,17.021
0.274599577,17.0202
0.274877118,16.5159
0.275154659,16.7499
0.275432201,18.0262
0.275709742,18.8955
0.275987284,18.3585
0.276264825,16.8276
0.276542366,15.2214
0.276819908,14.6886
0.277097449,14.6437
0.277374991,13.7633
0.277652532,12.5496
0.277930073,12.1634
0.278207615,12.6574
0.278485156,12.7046
0.278762698,12.0099
0.279040239,10.9741
0.27931778,10.2326
0.279595322,10.7199
0.279872863,11.9489
0.280150405,12.9258
0.280427946,13.7027
0.280705487,15.2682
0.280983029,17.0924
0.28126057,17.9331
0.281538112,17.9095
0.281815653,18.2428
0.282093194,18.3391
0.282370736,18.9592
0.282648277,16.7981
0.282925819,15.1931
0.28320336,14.3591
0.283480901,12.6626
0.283758443,11.0541
0.284035984,11.7188
0.284313526,13.1966
0.284591067,13.8878
0.284868608,13.0207
0.28514615,11.442
0.285423691,11.2628
0.285701233,11.649
0.285978774,12.7639
0.286256315,14.4465
0.286533857,14.7664
0.286811398,13.0195
0.28708894,10.8969
0.287366481,10.0099
0.287644022,10.6345
0.287921564,13.399
0.288199105,16.1022
0.288476647,17.4537
0.288754188,16.1131
0.289031729,14.8981
0.289309271,13.095
0.289586812,11.3193
0.289864354,12.7507
0.290141895,14.5922
0.290419436,15
0.290696978,14.7214
0.290974519,14.7061
0.291252061,14.2521
0.291529602,14.4893
0.291807143,15.3181
0.292084685,16.5098
0.292362226,18.7441
0.292639768,19.7987
0.292917309,20.7202
0.29319485,21
0.293472392,21
0.293749933,21
0.294027475,20.7663
0.294305016,20.0524
0.294582557,18.9985
0.294860099,18.3701
0.29513764,16.3511
0.295415182,14.8217
0.295692723,13.5141
0.295970264,13.8659
0.296247806,14.5027
0.296525347,16.3216
0.296802889,17.7758
0.29708043,18.42
0.297357971,17.8064
0.297635513,17.1558
0.297913054,16.8893
0.298190596,17.006
0.298468137,17.2354
0.298745678,17.5534
0.29902322,19.9868
0.299300761,21.3077
0.299578303,21.0432
0.299855844,20.0541
0.300133385,18.6285
0.300410927,19.1327
0.300688468,20.021
0.30096601,20.1124
0.301243551,19.8999
0.301521092,19.1507
0.301798634,18.0557
0.302076175,19.0507
0.302353717,21.5067
0.302631258,22.9786
0.302908799,21.577
0.303186341,20.1693
0.303463882,19.1671
0.303741424,19.3285
0.304018965,19.5765
0.304296506,20.043
0.304574048,20.8153
0.304851589,20.7972
0.305129131,19.5547
0.305406672,19
0.305684213,19.0601
0.305961755,19.1666
0.306239296,18.5614
0.306516838,17.7785
0.306794379,17.797
0.30707192,18.7172
0.307349462,18.3613
0.307627003,17.5268
0.307904545,17.7624
0.308182086,18.4033
0.308459627,19.8505
0.308737169,20.5276
0.30901471,19.9184
0.309292252,19.383
0.309569793,18.8476
0.309847334,18.3123
0.310124876,18.6308
0.310402417,19.7754
0.310679958,21.5288
0.3109575,21.9095
0.311235041,21.8386
0.311512583,22.2023
0.311790124,22.0523
0.312067665,21.4633
0.312345207,20.7741
0.312622748,19.7208
0.31290029,18.4245
0.313177831,17.1383
0.313455372,16.088
0.313732914,16
0.314010455,15.8883
0.314287997,14.6977
0.314565538,13.3235
0.314843079,14.2345
0.315120621,16.6482
0.315398162,18
0.315675704,17.917
0.315953245,18.1225
0.316230786,16.7779
0.316508328,15.9525
0.316785869,15.7286
0.317063411,16.5694
0.317340952,16.5184
0.317618493,13.7961
0.317896035,11.9785
0.318173576,11.9279
0.318451118,12.0685
0.318728659,11.4482
0.3190062,11.0244
0.319283742,11.626
0.319561283,14.0861
0.319838825,16.0552
0.320116366,16.0649
0.320393907,16.8372
0.320671449,17.9105
0.32094899,18.245
0.321226532,18.5051
0.321504073,16.6333
0.321781614,14.744
0.322059156,14.7221
0.322336697,16.2764
0.322614239,17.9947
0.32289178,18.1475
0.323169321,18.055
0.323446863,16.6097
0.323724404,16.0035
0.324001946,16.057
0.324279487,15.6268
0.324557028,15.2891
0.32483457,15.5968
0.325112111,15.4961
0.325389653,15.4026
0.325667194,15.2556
0.325944735,15.8855
0.326222277,16.6791
0.326499818,16.1307
0.32677736,16.1998
0.327054901,15.8136
0.327332442,15.4275
0.327609984,15.9503
0.327887525,17.3747
0.328165067,18.0211
0.328442608,17.2093
0.328720149,16.2011
0.328997691,15.9429
0.329275232,15.5619
0.329552774,15.3596
0.329830315,15.7189
0.330107856,14.7974
0.330385398,13.9554
0.330662939,14.4222
0.330940481,15.7582
0.331218022,16.0853
0.331495563,14.825
0.331773105,13.8846
0.332050646,14.7904
0.332328188,16.098
0.332605729,17.4057
0.33288327,19.0076
0.333160812,20.2313
0.333438353,21.0502
0.333715895,20.6355
0.333993436,18.8962
0.334270977,18.4781
0.334548519,20.1719
0.33482606,21.8669
0.335103602,22.7898
0.335381143,23.1629
0.335658684,21.4199
0.335936226,19.3589
0.336213767,18.1409
0.336491309,18.3973
0.33676885,19.3189
0.337046391,20.5264
0.337323933,21.4491
0.337601474,20.2677
0.337879022,19.7073
0.338156569,19.3948
0.338434117,19.447
0.338711664,20.5381
0.338989212,22.156
0.339266759,22.9852
0.339544306,22.0644
0.339821854,20.5349
0.340099401,18.4291
0.340376949,16.0788
0.340654496,14.0145
0.340932044,12.868
0.341209591,12.5321
0.341487139,12.2217
0.341764686,13.4593
0.342042234,14.6374
0.342319781,14.5343
0.342597328,13.7738
0.342874876,13.4968
0.343152423,13.0103
0.343429971,14.1351
0.343707518,18.8467
0.343985066,23.3492
0.344262613,24.7577
0.344540161,24.2185
0.344817708,24
0.345095255,23.9251
0.345372803,23.067
0.34565035,22.2246
0.345927898,21.7799
0.346205445,20.6429
0.346482993,19.8875
0.34676054,19.5384
0.347038088,18.5261
0.347315635,15.4385
0.347593183,13.362
0.34787073,12.4871
0.348148277,11.3395
0.348425825,10.1196
0.348703372,10.2486
0.34898092,10
0.349258467,10.019
0.349536015,9.8808
0.349813562,9.7604
0.35009111,9.0613
0.350368657,9.2365
0.350646205,8.7859
0.350923752,8.4614
0.351201299,8.9963
0.351478847,9
0.351756394,9.6765
0.352033942,11.3085
0.352311489,13.7797
0.352589037,15.7357
0.352866584,16.027
0.353144132,16.4697
0.353421679,16.1618
0.353699226,14.276
0.353976774,14.0134
0.354254321,14.5043
0.354531869,13.6894
0.354809416,11.6583
0.355086964,9.0807
0.355364511,10.4094
0.355642059,11.7786
0.355919606,12.3499
0.356197154,12.6171
0.356474701,12.434
0.356752248,12.2233
0.357029796,12.3752
0.357307343,11.8842
0.357584891,11.3551
0.357862438,11.8212
0.358139986,11.2951
0.358417533,10.1783
0.358695081,7.8463
0.358972628,6.7931
0.359250176,6.0373
0.359527723,7.3647
0.35980527,8.028
0.360082818,8.2148
0.360360365,8.2539
0.360637913,7.618
0.36091546,7
0.361193008,7
0.361470555,7
0.361748103,7.6056
0.36202565,8.375
0.362303197,8.3592
0.362580745,7.1413
0.362858292,6.6629
0.36313584,6.1528
0.363413387,6.1862
0.363690935,8.0246
0.363968482,12.0639
0.36424603,14.8892
0.364523577,15.0403
0.364801125,14.2352
0.365078672,14.5327
0.365356219,14.1275
0.365633767,12.9281
0.365911314,11.5334
0.366188862,11
0.366466409,11
0.366743957,10.9664
0.367021504,10.081
0.367299052,10.894
0.367576599,11.6508
0.367854147,12
0.368131694,11.6262
0.368409241,11.3144
0.368686789,10.92
0.368964336,10.5846
0.369241884,10.2811
0.369519431,10.8578
0.369796979,12.1315
0.370074526,13.3721
0.370352074,13.0839
0.370629621,13
0.370907168,12.7446
0.371184716,12.2419
0.371462263,12.5778
0.371739811,12.8186
0.372017358,12.3831
0.372294906,11.5087
0.372572453,11
0.372850001,11
0.373127548,11.2114
0.373405096,11.7215
0.373682643,11.6829
0.37396019,11.4392
0.374237738,10.6657
0.374515285,9.3642
0.374792833,9.9853
0.37507038,9.8161
0.375347928,9.3831
0.375625475,9
0.375903023,9.1093
0.37618057,9.4584
0.376458118,10.0935
0.376735665,10.157
0.377013212,9.647
0.37729076,9.0387
0.377568307,10.3232
0.377845855,11.8175
0.378123402,12.0985
0.37840095,11.6101
0.378678497,10.0133
0.378956045,10.8724
0.379233592,11.7316
0.379511139,11.4423
0.379788687,10.7957
0.380066234,9.4177
0.380343782,8.3062
0.380621329,8.0122
0.380898877,9.4372
0.381176424,11.4935
0.381453972,12
0.381731519,11.5361
0.382009067,10.677
0.382286614,10.2356
0.382564161,12.129
0.382841709,12.9411
0.383119256,12.4245
0.383396804,12.5657
0.383674351,12.4042
0.383951899,11.8941
0.384229446,11.3087
0.384506994,11.1674
0.384784541,11.3871
0.385062089,11.6935
0.385339636,10.4935
0.385617183,10
0.385894731,10
0.386172278,10
0.386449826,10.0483
0.386727373,11.1354
0.387004921,11.7172
0.387282468,12.0803
0.387560016,11.4942
0.387837563,10.635
0.38811511,9.8302
0.388392658,9.3897
0.388670205,10.1966
0.388947753,9.4812
0.3892253,8.9311
0.389502848,9
0.389780395,9
0.390057943,9.5665
0.39033549,10.8699
0.390613038,11
0.390890585,11
0.391168132,10.7511
0.39144568,10.5902
0.391723227,11.393
0.392000775,11.7479
0.392278322,10.4794
0.39255587,9.1102
0.392833417,8.9268
0.393110965,8.9585
0.393388512,8.6986
0.39366606,8.553
0.393943607,8.204
0.394221154,7.8574
0.394498702,7.0156
0.394776249,6.1573
0.395053797,6.6623
0.395331344,6.4588
0.395608892,6.5307
0.395886439,7.0114
0.396163987,7.551
0.396441534,8.061
0.396719081,8.2035
0.396996629,7.6019
0.397274176,7.2509
0.397551724,7
0.397829271,7.1799
0.398106819,8.0187
0.398384366,8.6241
0.398661914,8.1285
0.398939461,7.7458
0.399217009,8
0.399494556,8.1471
0.399772103,7.0751
0.400049651,5.3588
0.400327198,5.2237
0.400604746,5.9671
0.400882293,6.0569
0.401159841,6
0.401437388,6.4629
0.401714936,7.2426
0.401992483,8.2157
0.402270031,8
0.402547578,8.057
0.402825125,8
0.403102673,8.9216
0.40338022,9.814
0.403657768,9.8911
0.403935315,9.3286
0.404212863,10
0.40449041,10
0.404767958,10.3645
0.405045505,11.5064
0.405323052,12.3848
0.4056006,12.5448
0.405878147,11.8622
0.406155695,10.7052
0.406433242,10.3899
0.40671079,10.3345
0.406988337,9.9575
0.407265885,9.9556
0.407543432,11.0242
0.40782098,12.2232
0.408098527,12.9177
0.408376074,12.0585
0.408653622,11.1994
0.408931169,10.3403
0.409208717,8.9622
0.409486264,8.4372
0.409763812,10.1285
0.410041359,12.0908
0.410318907,12.4139
0.410596454,12
0.410874002,11.3263
0.411151549,10.4671
0.411429096,9.8461
0.411706644,10.0584
0.411984191,9.3725
0.412261739,9
0.412539286,9.8286
0.412816834,9.3616
0.413094381,8.2716
0.413371929,8.1058
0.413649476,8.2652
0.413927023,8.8016
0.414204571,8.2915
0.414482118,8.0344
0.414759666,8
0.415037213,8.5609
0.415314761,9.42
0.415592308,10.0201
0.415869856,10.2308
0.416147403,9.7207
0.416424951,9.0302
0.416702498,8.4986
0.416980045,8.8096
0.417257593,9.1388
0.41753514,9.8797
0.417812688,10.1523
0.418090235,11
0.418367783,11.3602
0.41864533,11.8703
0.418922878,11.6352
0.419200425,11.0436
0.419477973,10.3711
0.41975552,9.9256
0.420033067,10.4249
0.420310615,10.1685
0.420588162,10
0.42086571,10.6322
0.421143257,11.9233
0.421420805,12.6503
0.421698352,12.0342
0.4219759,9.9212
0.422253447,8.152
0.422530994,7.9971
0.422808542,7.3832
0.423086089,7.0153
0.423363637,7.8774
0.423641184,9.2467
0.423918732,10.5325
0.424196279,10.0875
0.424473827,8.4566
0.424751374,7.2763
0.425028922,6.887
0.425306469,6.6114
0.425584016,5.2199
0.425861564,5.2007
0.426139111,6.57
0.426416659,7.665
0.426694206,6.9026
0.426971754,6.0797
0.427249301,5.4356
0.427526849,5.6385
0.427804396,7.7855
0.428081944,8.9533
0.428359491,9
0.428637038,8.1067
0.428914586,6.7375
0.429192133,6.096
0.429469681,6.7648
0.429747228,7.4283
0.430024776,6.8662
0.430302323,6.7598
0.430579871,7.5403
0.430857418,8.2166
0.431134965,8.1062
0.431412513,7.7498
0.431689368,7.2797
0.431966222,7.11
0.432243077,6.6991
0.432519932,6.2869
0.432796787,7.0352
0.433073642,7.9375
0.433350496,8
0.433627351,7.9891
0.433904206,7.519
0.434181061,7.0268
0.434457915,7.1397
0.43473477,7.9142
0.435011625,7.6063
0.43528848,6.3635
0.435565335,4.5959
0.435842189,3.291
0.436119044,3.7511
0.436395899,5.1955
0.436672754,5.5215
0.436949608,4.916
0.437226463,5.0017
0.437503318,4.5929
0.437780173,4.0598
0.438057027,3.8706
0.438333882,4.6357
0.438610737,5.2431
0.438887592,5.9651
0.439164447,6.1599
0.439441301,6.0996
0.439718156,5.305
0.439995011,5.1021
0.440271866,5.4948
0.44054872,5.237
0.440825575,4.7669
0.44110243,4.1709
0.441379285,4.0525
0.441656139,4.5263
0.441932994,3.8257
0.442209849,2.4767
0.442486704,2.8625
0.442763559,3.8559
0.443040413,4.5727
0.443317268,4.5361
0.443594123,4.066
0.443870978,4.086
0.444147832,4.794
0.444424687,4.0295
0.444701542,3.8423
0.444978397,3.9704
0.445255252,4.9544
0.445532106,4.6295
0.445808961,3.6352
0.446085816,2.9211
0.446362671,2.8021
0.446639525,4
0.44691638,4
0.447193235,4.8492
0.44747009,6.6489
0.447746944,6.4908
0.448023799,6
0.448300654,6
0.448577509,5.8466
0.448854364,5
0.449131218,5
0.449408073,5.1534
0.449684928,5.7601
0.449961783,6.5476
0.450238637,7.4265
0.450515492,7.7905
0.450792347,6.2905
0.451069202,3.0581
0.451346056,1.0525
0.451622911,2.6415
0.451899766,3
0.452176621,3.5785
0.452453476,4.904
0.45273033,6.6328
0.453007185,7.0179
0.45328404,6.6131
0.453560895,6.143
0.453837749,6.9001
0.454114604,8.3128
0.454391459,9.6093
0.454668314,10.36
0.454945169,11
0.455222023,11.1666
0.455498878,12
0.455775733,12
0.456052588,11.8244
0.456329442,10.9724
0.456606297,10.9441
0.456883152,10.0019
0.457160007,9.6148
0.457436861,9.2767
0.457713716,10
0.457990571,10.0474
0.458267426,11.6882
0.458544281,13.3319
0.458821135,13.2114
0.45909799,10.8912
0.459374845,9.6709
0.4596517,11.0313
0.459928554,13.5174
0.460205409,13.7871
0.460482264,13.7258
0.460759119,14.7252
0.461035973,15.9349
0.461312828,15.8305
0.461589683,14.0809
0.461866538,12.9863
0.462143393,13.3058
0.462420247,13.6266
0.462697102,12.7712
0.462973957,12.1089
0.463250812,10.5347
0.463527666,8.9115
0.463804521,8
0.464081376,8.1033
0.464358231,7.6088
0.464635086,7.0862
0.46491194,7.0108
0.465188795,8.238
0.46546565,8.7635
0.465742505,9.6423
0.466019359,10.0057
0.466296214,10.2885
0.466573069,9.7211
0.466849924,8.6845
0.467126778,6.9674
0.467403633,6.8071
0.467680488,7.0024
0.467957343,7.6029
0.468234198,8.2433
0.468511052,8.81
0.468787907,9.801
0.469064762,10.12
0.469341617,9.6053
0.469618471,8.0537
0.469895326,6.3497
0.470172181,5.3328
0.470449036,3.5616
0.47072589,2.5383
0.471002745,2.1797
0.4712796,2.0701
0.471556455,1.7435
0.47183331,2.2092
0.472110164,3.7628
0.472387019,5.4697
0.472663874,6.3208
0.472940729,6.1203
0.473217583,6.6045
0.473494438,7.7774
0.473771293,7.8268
0.474048148,7.3515
0.474325003,6.1003
0.474601857,4.3407
0.474878712,2.9119
0.475155567,2.2268
0.475432422,2.0063
0.475709276,2.1827
0.475986131,1.6245
0.476262986,0
0.476539841,0
0.476816695,0
0.47709355,0.6754
0.477370405,0.7609
0.47764726,1.942
0.477924115,3.6035
0.478200969,4.1984
0.478477824,3.8607
0.478754679,2.103
0.479031534,2
0.479308388,2.7062
0.479585243,3.5587
0.479862098,3.4989
0.480138953,3.9903
0.480415807,3.5447
0.480692662,3.0746
0.480969517,3.3873
0.481246372,3.8655
0.481523227,4.8253
0.481800081,4.5038
0.482076936,4.4122
0.482353791,5.8654
0.482630646,6.8386
0.4829075,7
0.483184355,7.0102
0.48346121,7.889
0.483738065,7.38
0.48401492,7.486
0.484291774,7.4917
0.484568629,6.396
0.484845484,5.9766
0.485122339,5.9103
0.485399193,5.9202
0.485676048,5.969
0.485952903,6.1142
0.486229758,5.7784
0.486506612,5.2028
0.486783467,4.7328
0.487060322,4.5768
0.487337177,5.193
0.487614032,6.1206
0.487890886,7.7611
0.488167741,7.3823
0.488444596,6.8245
0.488721451,4.7098
0.488998305,2.5059
0.48927516,1.6738
0.489552015,2
0.48982887,3.4172
0.490105724,5.7063
0.490382579,6.7039
0.490659434,7.6969
0.490936289,8.8614
0.491213144,8.6081
0.491489998,7.8829
0.491766853,7.4741
0.492043708,7.0919
0.492320563,7.3172
0.492597417,6.3414
0.492874272,5.839
0.493151054,7.0153
0.493427836,7.9685
0.493704618,8.3383
0.493981401,7.6108
0.494258183,7
0.494534965,7.3155
0.494811747,8.0797
0.495088529,7.8844
0.495365311,8.1686
0.495642093,9
0.495918875,8.9972
0.496195657,8.649
0.496472439,8.0099
0.496749222,8.8602
0.497026004,9.2282
0.497302786,9.4834
0.497579568,8.4003
0.49785635,7.2067
0.498133132,7.2832
0.498409914,8.5246
0.498686696,8.4072
0.498963478,6.6266
0.49924026,5.1013
0.499517043,5.0208
0.499793825,6.1853
0.500070607,6.3334
0.500347389,6.0591
0.500624171,6.2168
0.500900953,6.6109
0.501177735,6.4104
0.501454517,7
0.501731299,7.2686
0.502008081,7.0034
0.502284863,6.882
0.502561646,6.2761
0.502838428,5.6223
0.50311521,4.9684
0.503391992,3.6452
0.503668774,2.3215
0.503945556,1.8878
0.504222338,2.5581
0.50449912,3
0.504775902,3
0.505052684,3.4557
0.505329467,4.348
0.505606249,4.5584
0.505883031,3.9524
0.506159813,2.7667
0.506436595,1.789
0.506713377,1.3241
0.506990159,3.2262
0.507266941,4.9856
0.507543723,4.4555
0.507820505,3.0398
0.508097287,4.1406
0.50837407,4.8273
0.508650852,4.8392
0.508927634,5.7786
0.509204416,7.5281
0.509481198,8.2674
0.50975798,7.5392
0.510034762,5.4568
0.510311544,2.954
0.510588326,2.0995
0.510865108,1.9494
0.511141891,2.379
0.511418673,3.5394
0.511695455,4.5908
0.511972237,6.3417
0.512249019,6.8605
0.512525801,5.7719
0.512802583,4.9568
0.513079365,3.5433
0.513356147,2.0089
0.513632929,2.999
0.513909712,3.2926
0.514186494,3.2407
0.514463276,4.6691
0.514740058,6.2361
0.51501684,5.7596
0.515293622,4.5114
0.515570404,2.8352
0.515847186,2.5058
0.516123968,2.7626
0.51640075,3.8835
0.516677532,4.6702
0.516954315,3.8016
0.517231097,1.8493
0.517507879,1.8934
0.517784661,3.7154
0.518061443,4.2128
0.518338225,3.8804
0.518615007,4.2031
0.518891789,4.3134
0.519168571,6.8748
0.519445353,6.9731
0.519722136,6.4837
0.519998918,5.1222
0.5202757,5.0457
0.520552482,6.43
0.520829264,8.4733
0.521106046,9.532
0.521382828,9.2668
0.52165961,8.3144
0.521936392,7.5064
0.522213174,7.8538
0.522489957,8.7308
0.522766739,8.7191
0.523043521,7.8345
0.523320303,7.7628
0.523597085,8.5509
0.523873867,9.893
0.524150649,9.5161
0.524427431,7.9404
0.524704213,6.0383
0.524980995,5.56
0.525257777,5.6068
0.52553456,5.9735
0.525811342,5.8624
0.526088124,5.8853
0.526364906,5.497
0.526641688,5.0665
0.52691847,7.3625
0.527195252,8.827
0.527472034,8.9611
0.527748816,9.6605
0.528025598,11.0996
0.528302381,12.3446
0.528579163,12.6271
0.528855945,11.6529
0.529132727,10.0981
0.529409509,8.8501
0.529686291,8
0.529963073,8.0716
0.530239855,9.1091
0.530516637,9.763
0.530793419,9.0721
0.531070201,9.1019
0.531346984,10.4808
0.531623766,10.2422
0.531900548,9.4183
0.53217733,9.0267
0.532454112,8.3895
0.532730894,7.1196
0.533007676,6.5784
0.533284458,7.3885
0.53356124,7.7312
0.533838022,8
0.534114805,8.3169
0.534391587,9.2679
0.534668369,9.8581
0.534945151,9.0453
0.535221933,8.7574
0.535498715,8.4602
0.535775497,8.1786
0.536052279,8.9743
0.536329061,9.3992
0.536605843,10.3672
0.536882626,10.1984
0.537159408,10.0716
0.53743619,8.5409
0.537712972,7.3194
0.537989754,7
0.538266536,7
0.538543318,8.0676
0.5388201,9.9697
0.539096882,11.6959
0.539373664,11.9123
0.539650446,10.6634
0.539927229,10
0.540204011,10
0.540480793,9.8299
0.540757575,9.1423
0.541034357,10
0.541311139,9.9015
0.541587921,8.0088
0.541864703,5.516
0.542141485,5.9665
0.542418267,6
0.54269505,6.2136
0.542971832,8.0658
0.543248614,8.9587
0.543525396,8.4508
0.543802178,8.456
0.54407896,8.8902
0.544355742,9.4805
0.544632524,9.056
0.544909306,8.2367
0.545186088,7.6036
0.545462871,6.5445
0.545739653,4.6175
0.546016435,3.8336
0.546293217,3.804
0.546569999,2.559
0.546846781,3.4059
0.547123563,5.0332
0.547400345,6.9353
0.547677127,8.4855
0.547953909,9.7839
0.548230691,8.1092
0.548507474,7.4915
0.548784256,6.3309
0.549061038,5.4982
0.54933782,5.9251
0.549614602,6.1744
0.549891384,7.057
0.550168166,8.9565
0.550444948,10.8586
0.55072173,12
0.550998512,11.2146
0.551275295,9.8643
0.551552077,9.1704
0.551828859,8.8154
0.552105641,7.8138
0.552382423,6.2152
0.552659205,4.961
0.552935987,4.272
0.553212769,4.0337
0.553489551,4.891
0.553766333,5.9729
0.554043115,6.5278
0.554319898,5.5061
0.55459668,5.0184
0.554873462,5.9905
0.555150244,6.2583
0.555427026,6.5484
0.555703808,7.4994
0.55598059,8
0.556257372,7.1969
0.556535143,6.3263
0.556812913,5.2812
0.557090684,5.251
0.557368454,5
0.557646225,5.1977
0.557923995,5.957
0.558201765,5.1743
0.558479536,4.5783
0.558757306,5.5212
0.559035077,6.338
0.559312847,6.9972
0.559590618,5.9752
0.559868388,5.3692
0.560146159,6.884
0.560423929,6.5324
0.5607017,6
0.56097947,6.3086
0.56125724,7
0.561535011,6.8388
0.561812781,6.0638
0.562090552,6.5171
0.562368322,8
0.562646093,8
0.562923863,8.6232
0.563201634,8.9004
0.563479404,8.2143
0.563757175,7.6386
0.564034945,6.2879
0.564312716,5.2973
0.564590486,5.1155
0.564868256,5.0042
0.565146027,5.1984
0.565423797,5.1662
0.565701568,5
0.565979338,5.6073
0.566257109,5.2659
0.566534879,4.0583
0.56681265,3
0.56709042,3.4302
0.567368191,4.8294
0.567645961,5.2715
0.567923731,6.1628
0.568201502,6.7739
0.568479272,6.192
0.568757043,4.8656
0.569034813,3.9236
0.569312584,4.4166
0.569590354,5.0569
0.569868125,6.3223
0.570145895,7
0.570423666,6.9976
0.570701436,6.4087
0.570979207,4.6025
0.571256977,3.9888
0.571534747,4.9419
0.571812518,6.564
0.572090288,4.7708
0.572368059,2.5503
0.572645829,0.8479
0.5729236,0.8822
0.57320137,2.3928
0.573479141,3.0937
0.573756911,3.2335
0.574034682,3.9997
0.574312452,2.6267
0.574590222,2.3819
0.574867993,2.3872
0.575145763,3.9492
0.575423534,4.634
0.575701304,4.8263
0.575979075,4.7035
0.576256845,4.6403
0.576534616,4.1742
0.576812386,4
0.577090157,4
0.577367927,3.7109
0.577645697,3.0601
0.577923468,3.8453
0.578201238,4.5306
0.578479009,5
0.578756779,5
0.57903455,4.3411
0.57931232,3.5168
0.579590091,2.9105
0.579867861,3
0.580145632,3
0.580423402,3
0.580701173,3.0984
0.580978943,3.7491
0.581256713,3.7069
0.581534484,2.9743
0.581812254,3.2513
0.582090025,4.3696
0.582367795,5.7675
0.582645566,4.634
0.582923336,3.7832
0.583201107,4
0.583478877,4
0.583756648,4.1115
0.584034418,3.97
0.584312188,3.4887
0.584589959,3.8764
0.584867729,5.1214
0.5851455,5.8228
0.58542327,6
0.585701041,6
0.585978811,6.4631
0.586256582,6.7148
0.586534352,6.6901
0.586812123,7.4496
0.587089893,8.0662
0.587367663,7.9683
0.587645434,6.8047
0.587923204,6.064
0.588200975,6.6693
0.588478745,6.8471
0.588756516,6.9776
0.589034286,7
0.589312057,7
0.589589827,7
0.589867598,6.8853
0.590145368,7.0064
0.590423139,7.6896
0.590700909,7.4738
0.590978679,7.1291
0.59125645,7.2376
0.59153422,7.9085
0.591811991,7.3623
0.592089761,6.7324
0.592367532,6
0.592645302,6.0817
0.592923073,6.7324
0.593200843,6.7624
0.593478614,7
0.593756384,7
0.594034154,6.6778
0.594311925,6.9863
0.594589695,6.8877
0.594867466,5.7767
0.595145236,5.0614
0.595423007,4.2242
0.595700777,4.2643
0.595978548,5.8387
0.596256318,6.5862
0.596534089,6.6036
0.596811859,6.6324
0.597089629,6.0093
0.5973674,6.8021
0.59764517,7.5278
0.597922941,8.287
0.598200711,8.8148
0.598478482,7.2435
0.598756252,7.7899
0.599034023,8.984
0.599311793,8.1916
0.599589564,6.7512
0.599867334,6.6017
0.600145105,7.3609
0.600422875,8.0365
0.600700645,8.8391
0.600978416,8.5799
0.601256186,7.6021
0.601533957,7.1571
0.601811727,7.4057
0.602089498,6.6515
0.602367268,5.6559
0.602645039,6.7036
0.602922809,7.9533
0.60320058,8
0.60347835,8
0.60375612,8.205
0.604033891,8.2343
0.604311661,8.4391
0.604589432,8.033
0.604867202,8.8681
0.605144973,8.6435
0.605422743,8.7728
0.605700514,7.7863
0.605978284,6.6951
0.606256055,5.9981
0.606533825,6.6204
0.606811595,6.9552
0.607089366,6.0514
0.607367136,6.1011
0.607644907,6.8603
0.607922677,8.2391
0.608200448,8.6739
0.608478218,9.0243
0.608755989,9.7416
0.609033759,9.3435
0.60931153,8.5843
0.6095893,8
0.609867071,8.0283
0.610144841,7.3312
0.610422611,7
0.610700382,7.382
0.610978152,8.0655
0.611255923,9.3671
0.611533693,9.6741
0.611811464,9.9888
0.612089234,10.6359
0.612367005,11
0.612644775,10.4734
0.612922546,9.4118
0.613200316,9.045
0.613478086,9.8043
0.613755857,9.1319
0.614033627,7.6094
0.614311398,7.868
0.614589168,8.4928
0.614866939,8.4858
0.615144709,8.7944
0.61542248,8.8811
0.61570025,8.1218
0.615978021,8
0.616255791,8
0.616533561,8.2373
0.616811332,9.0338
0.617089102,9.1139
0.617366873,9.0006
0.617644643,9.7186
0.617922414,9.6979
0.618200184,8.3023
0.618477955,8
0.618755725,8
0.619033496,8
0.619311266,7.028
0.619589037,6.1018
0.619866807,6.2667
0.620144577,7.5211
0.620422348,8.1249
0.620700118,9.4578
0.620977889,9.2357
0.621255659,7.9441
0.62153343,7.8045
0.6218112,8.413
0.622088971,8.6174
0.622366741,8.0999
0.622644512,8.4938
0.622922282,9.8351
0.623200052,9.6663
0.623477823,7.817
0.623755593,5.1705
0.624033364,5.4057
0.624311134,6.9871
0.624588905,8
0.624866675,8.4949
0.625144446,9.1538
0.625422216,9.9303
0.625699987,9.2655
0.625977757,8.0248
0.626255201,8
0.626532646,8
0.62681009,7.9639
0.627087535,8
0.627364979,8.068
0.627642423,8.0962
0.627919868,8.2292
0.628197312,9.3797
0.628474756,10.0191
0.628752201,11
0.629029645,10.4538
0.629307089,11.3763
0.629584534,11.8432
0.629861978,11.6384
0.630139423,10.6735
0.630416867,9.0221
0.630694311,9.0173
0.630971756,9.8468
0.6312492,10.1026
0.631526644,9.7563
0.631804089,9
0.632081533,9
0.632358977,9.6847
0.632636422,10.038
0.632913866,10.3433
0.633191311,10.331
0.633468755,10.9887
0.633746199,11
0.634023644,11.5512
0.634301088,12.3417
0.634578532,11.6369
0.634855977,10.7124
0.635133421,11
0.635410865,11.6353
0.63568831,10.6085
0.635965754,9.9801
0.636243199,10.0301
0.636520643,10
0.636798087,10
0.637075532,10.344
0.637352976,10.9232
0.63763042,11.0728
0.637907865,11.9585
0.638185309,11.7382
0.638462754,11.9005
0.638740198,11.9278
0.639017642,11.3881
0.639295087,9.9683
0.639572531,8.6983
0.639849975,8.2986
0.64012742,8.468
0.640404864,9.2948
0.640682308,9.7907
0.640959753,9.5442
0.641237197,10.074
0.641514642,10.8953
0.641792086,10.5258
0.64206953,10
0.642346975,10
0.642624419,10
0.642901863,9.2982
0.643179308,8.6686
0.643456752,8.5891
0.643734196,8.5606
0.644011641,9.9508
0.644289085,10.4041
0.64456653,11.4784
0.644843974,12.1315
0.645121418,11.7438
0.645398863,10.3509
0.645676307,9.2583
0.645953751,8.5115
0.646231196,8
0.64650864,8.2208
0.646786085,9.6137
0.647063529,11.2031
0.647340973,12.5514
0.647618418,12.2075
0.647895862,11.3006
0.648173306,12.0316
0.648450751,11.9074
0.648728195,10.8738
0.649005639,11.124
0.649283084,10.9458
0.649560528,10.8666
0.649837973,10.0529
0.650115417,10.8967
0.650392861,10.9154
0.650670306,10.6616
0.65094775,10.9383
0.651225194,10.1287
0.651502639,10.9085
0.651780083,11.6584
0.652057527,12.4566
0.652334972,12.7981
0.652612416,12.1349
0.652889861,11.0655
0.653167305,11
0.653444749,11.7776
0.653722194,11.8687
0.653999638,10.5962
0.654277082,10
0.654554527,10.6517
0.654831971,12.1772
0.655109415,12.5918
0.65538686,12
0.655664304,12.0345
0.655941749,12.8482
0.656219193,13
0.656496637,12.5244
0.656774082,11.3769
0.657051526,11.005
0.65732897,11.5758
0.657606415,12
0.657883859,11.5721
0.658161304,11
0.658438748,11
0.658716192,10.4757
0.658993637,9.9792
0.659271081,10
0.659548525,11.153
0.65982597,12.2398
0.660103414,13.398
0.660380858,13.1328
0.660658303,12.3191
0.660935747,13.0691
0.661213192,14.0809
0.661490636,13.3666
0.66176808,12.2082
0.662045525,11.5249
0.662322969,10.4132
0.662600413,9.862
0.662877858,10.0405
0.663155302,10.797
0.663432746,11.5141
0.663710191,11.6497
0.663987635,12.2358
0.66426508,13
0.664542524,12.9275
0.664819968,12.0834
0.665097413,11.8927
0.665374857,12.2188
0.665652301,12.6692
0.665929746,11.8591
0.66620719,11.0379
0.666484635,10.4292
0.666762079,10
0.667039523,10.7914
0.667316968,11.5194
0.667594412,10.9415
0.667871856,10.8957
0.668149301,11.8688
0.668426745,12.7976
0.668704189,12.3454
0.668981634,11.0399
0.669259078,10.9493
0.669536523,11.8334
0.669813967,12.6937
0.670091411,13.1785
0.670368856,12.9764
0.6706463,13
0.670923744,12.9916
0.671201189,12.1636
0.671478633,12
0.671756077,12
0.672033522,12.0138
0.672310966,12.776
0.672588411,14.1555
0.672865855,14.4515
0.673143299,12.7618
0.673420744,11
0.673698188,11
0.673975632,11.4558
0.674253077,11.0385
0.674530521,10.6568
0.674807965,10.7226
0.67508541,10.0022
0.675362854,10.2784
0.675640299,11.0342
0.675917743,11.4337
0.676195187,11.9878
0.676472632,11.9389
0.676750076,11.278
0.67702752,11.0654
0.677304965,11.8352
0.677582409,12.9123
0.677859854,13.5574
0.678137298,13.996
0.678414742,14
0.678692187,14
0.678969631,13.6157
0.679247075,13.2342
0.67952452,12.0214
0.679801964,11.1747
0.680079408,11.0802
0.680356853,12.1574
0.680634297,13.0175
0.680911742,12.794
0.681189186,12.1062
0.68146663,12.7074
0.681744075,14.0423
0.682021519,14.4851
0.682298963,13.0564
0.682576408,12.0378
0.682853852,12.6483
0.683131296,13.497
0.683408741,13.148
0.683686185,12.0747
0.68396363,12.0613
0.684241074,13.6886
0.684518518,15.4505
0.684795963,16.9304
0.685073407,17.7337
0.685350851,17.8561
0.685628296,16.6417
0.68590574,16
0.686183185,16
0.686460629,16.1954
0.686738073,16.0451
0.687015518,16.0228
0.687292962,16.8329
0.687570406,18.8257
0.687847851,18.6909
0.688125295,16.8994
0.688402739,16
0.688680184,16.0706
0.688957628,16.2135
0.689235073,15.2691
0.689512517,14.1806
0.689789961,13.9529
0.690067406,13.0888
0.69034485,12.6699
0.690622294,13.0161
0.690899739,13.7156
0.691177183,13.8135
0.691454627,12.9998
0.691732072,12.5551
0.692009516,12.3724
0.692286961,11.5587
0.692564405,11
0.692841849,11.0529
0.693119294,12.2318
0.693396738,13.6743
0.693674182,16.0272
0.693951627,17.7648
0.694229071,19.1371
0.694506515,19.975
0.69478396,19.2356
0.695061404,19
0.695338849,18.6082
0.695616293,17.7945
0.695893737,16.5388
0.696171182,13.7716
0.696448626,13.6466
0.69672607,14.4048
0.697003515,15
0.697280959,15
0.697558404,15
0.697835848,15.5185
0.698113292,15.753
0.698390737,16.8063
0.698668181,19.0903
0.698945625,20.4677
0.69922307,20.2892
0.699500514,20.0748
0.699777958,19.338
0.700055403,17.9451
0.700332847,16.1582
0.700610292,15.0128
0.700887736,15.7631
0.70116518,16.3319
0.701442625,15.5548
0.701720069,13.1807
0.701997513,14.0261
0.702274958,14.1235
0.702552402,13.4958
0.702829846,13.6227
0.703107291,14.202
0.703384735,14.7812
0.70366218,15.8737
0.703939624,16.0372
0.704217068,16.2068
0.704494513,16.2435
0.704771957,17
0.705049401,16.7103
0.705326846,17.4209
0.70560429,17.7917
0.705881735,17.3779
0.706159179,15.1216
0.706436623,13.2556
0.706714068,13.732
0.706991512,14
0.707268956,14
0.707546401,13.4274
0.707823845,13.1064
0.708101289,16.1099
0.708378734,16.8615
0.708656178,16.3378
0.708933623,15.5637
0.709211067,15.9451
0.709488511,16.5244
0.709765956,16.2964
0.7100434,15.4827
0.710320844,14.6691
0.710598289,14
0.710875733,14.0175
0.711153177,14.772
0.711430622,15.0926
0.711708066,16.6527
0.711985511,17.7934
0.712262955,17.6565
0.712540399,16.2636
0.712817844,15.6892
0.713095288,15.029
0.713372732,15
0.713650177,15
0.713927621,15
0.714205065,15.9909
0.71448251,17.5398
0.714759954,18.35
0.715037399,18.9088
0.715314843,18.9844
0.715592287,18.7325
0.715869732,17.5485
0.716147176,16.574
0.71642462,16.2321
0.716702065,17.0458
0.716979509,17.8595
0.717256954,18
0.717534385,17.3389
0.717811816,16.4155
0.718089248,17.0293
0.718366679,18.9351
0.71864411,19.3716
0.718921542,18.5343
0.719198973,18.2816
0.719476404,19.0049
0.719753836,19.8988
0.720031267,20.043
0.720308698,18.7136
0.72058613,16.9424
0.720863561,16.5167
0.721140992,17
0.721418424,16.7303
0.721695855,16.5989
0.721973286,16.7453
0.722250718,16.8916
0.722528149,16.9831
0.72280558,16.8954
0.723083012,17.1391
0.723360443,17.9043
0.723637874,18.3765
0.723915306,18.5261
0.724192737,19.31
0.724470168,20.2978
0.7247476,20.7911
0.725025031,20.7642
0.725302462,20.6757
0.725579894,19.4854
0.725857325,17.9054
0.726134756,17.6185
0.726412188,19.2521
0.726689619,19.4407
0.72696705,18.2403
0.727244482,17.9602
0.727521913,17.9253
0.727799344,17.8189
0.728076776,17.9724
0.728354207,18
0.728631638,18.0464
0.72890907,18.4044
0.729186501,18.3091
0.729463932,16.8562
0.729741364,15.8476
0.730018795,14.7516
0.730296226,13.2578
0.730573658,13.2826
0.730851089,13.2617
0.73112852,11.4733
0.731405952,10.46
0.731683383,10.8268
0.731960814,9.9784
0.732238246,9.0235
0.732515677,10.0115
0.732793108,10.9994
0.73307054,11.5923
0.733347971,12.9691
0.733625402,13.1034
0.733902834,13.9513
0.734180265,14.9393
0.734457696,15
0.734735128,12.732
0.735012559,10.2299
0.73528999,8.9046
0.735567422,8.0381
0.735844853,9.7978
0.736122284,11.2445
0.736399716,12.2553
0.736677147,12.5027
0.736954578,13.468
0.73723201,13.7954
0.737509441,13.1931
0.737786872,12.9809
0.738064304,12.2291
0.738341735,11.2412
0.738619166,10.2532
0.738896598,10.2551
0.739174029,9.9172
0.73945146,9.9566
0.739728892,11.3186
0.740006323,12.6055
0.740283754,12.5989
0.740561186,12.1862
0.740838617,12.6506
0.741116048,13.7378
0.74139348,14.0034
0.741670911,13.2483
0.741948342,11.5115
0.742225774,9.0526
0.742503205,8
0.742780636,9.9513
0.743058068,12.8468
0.743335499,13.4731
0.74361293,12.1013
0.743890362,11.8264
0.744167793,12.6846
0.744445224,13.1021
0.744722656,12.5179
0.745000087,12.4701
0.745277518,13.8795
0.74555495,14.2643
0.745832381,12.7992
0.746109812,11.0989
0.746387244,10.221
0.746664675,10.2163
0.746942106,10.868
0.747219538,11.0887
0.747496969,11.7074
0.7477744,12.0075
0.748051832,10.9958
0.748329263,9.4625
0.748606694,8.7672
0.748884126,11.1722
0.749161557,14.1149
0.749438988,13.9157
0.74971642,12.2325
0.749993851,10.9225
0.750271282,10.596
0.750548714,10.4535
0.750826145,9.9744
0.751103577,10.0918
0.751381008,10.9334
0.751658439,11.775
0.751935871,12.5408
0.752213302,13.11
0.752490733,13.7002
0.752768165,12.8586
0.753045596,11.7573
0.753323027,10.7816
0.753600459,8.9028
0.75387789,8.0851
0.754155321,9.0731
0.754432753,9.9389
0.754710184,9
0.754987615,9
0.755265047,9
0.755542478,9
0.755819909,8.9996
0.756097341,8.7511
0.756374772,9.8715
0.756652203,11.9297
0.756929635,12
0.757207066,9.8045
0.757484497,8.1083
0.757761929,7.4257
0.75803936,7.2272
0.758316791,5.2955
0.758594223,4.1115
0.758871654,3.3155
0.759149085,2.5017
0.759426517,1.6523
0.759703948,-0.0255
0.759981379,-0.5948
0.760258811,0.6839
0.760536242,4.1322
0.760813673,4.949
0.761091105,4.5233
0.761368536,6.4078
0.761645967,8.4966
0.761923399,9.8674
0.76220083,9.3074
0.762478261,9.033
0.762755693,8.4826
0.763033124,8.8152
0.763310555,9.3017
0.763587987,9.1007
0.763865418,7.796
0.764142849,7.0026
0.764420281,7.5405
0.764697712,7.7144
0.764975143,7.225
0.765252575,7
0.765530006,7
0.765807437,6.9268
0.766084869,6.4442
0.7663623,5.4562
0.766639731,5
0.766917163,5
0.767194594,5
0.767472025,5.3714
0.767749457,6.3288
0.768026888,7.5136
0.768304319,8.5614
0.768581751,8.8502
0.768859182,8.5189
0.769136613,8.3725
0.769414045,8.2262
0.769691476,7.6485
0.769968907,6.6126
0.770246339,5.6246
0.77052377,5.3633
0.770801201,6
0.771078633,6.3393
0.771356064,7.3272
0.771633495,8.2978
0.771910927,8.7244
0.772188358,8.1683
0.772465789,7.7209
0.772743221,6.8745
0.773020652,6.504
0.773298083,6.2
0.773575515,6.9764
0.773852946,6.7557
0.774130377,5.4768
0.774407809,4.2628
0.77468524,4.6281
0.774962671,5.6405
0.775240103,7.4459
0.775517534,8.9991
0.775794965,8.4878
0.776072397,7.0875
0.776349828,7.7405
0.776627259,8.8985
0.776904691,9.3609
0.777182122,10.193
0.777459553,10.9804
0.777736985,10.6282
0.778014416,9.6888
0.778291847,9.5425
0.778569279,9.3759
0.77884671,7.9976
0.779124141,7.0096
0.779401573,5.9805
0.779679004,4.061
0.779956435,2.0914
0.780233867,0.1155
0.780511298,0
0.780788729,0
0.781066161,0
0.781343592,0
0.781621023,0
0.781898455,0
0.782175886,0
0.782453317,0.2935
0.782730749,0.8673
0.78300818,0.9554
0.783285611,0.2647
0.783563043,-0.7497
0.783840474,-2.2693
0.784117905,-3.2426
0.784395337,-3.8386
0.784672768,-3.2502
0.784950199,-2.9781
0.785227631,-3.0847
0.785505062,-3.2631
0.785782494,-3.4094
0.786059925,-3.4788
0.786337668,-3.8797
0.786615412,-4.7054
0.786893155,-4.5743
0.787170899,-4.6941
0.787448642,-3.0336
0.787726386,-1.8927
0.788004129,-2
0.788281873,-2
0.788559616,-2
0.78883736,-2
0.789115103,-2.4137
0.789392847,-3.2291
0.78967059,-4.0445
0.789948334,-4.8599
0.790226077,-4.3247
0.790503821,-3.5093
0.790781564,-2.4729
0.791059308,-2.1087
0.791337051,-2.2956
0.791614795,-2.5544
0.791892538,-2.6361
0.792170282,-3
0.792448025,-3.0002
0.792725769,-2.986
0.793003512,-2.3004
0.793281256,-2.0904
0.793558999,-1.5398
0.793836743,-0.7244
0.794114486,-0.0429
0.79439223,-0.9563
0.794669973,-1.6286
0.794947716,-2.2073
0.79522546,-2.7859
0.795503203,-2.832
0.795780947,-2.0166
0.79605869,-0.6792
0.796336434,0
0.796614177,-0.1541
0.796891921,-1.503
0.797169664,-2.8367
0.797447408,-3.0516
0.797725151,-3
0.798002895,0.1568
0.798280638,0.5753
0.798558382,0
0.798836125,0
0.799113869,0
0.799391612,0
0.799669356,0
0.799947099,0
0.800224843,0
0.800502586,0
0.80078033,0
0.801058073,0
0.801335817,0
0.80161356,0.1922
0.801891304,0.9747
0.802169047,1
0.802446791,1.5532
0.802724534,2
0.803002278,2.366
0.803280021,3.9992
0.803557765,3.8538
0.803835508,2.8183
0.804113252,2.2774
0.804390995,3.261
0.804668739,1.9916
0.804946482,0
0.805224226,0
0.805501969,0
0.805779713,0
0.806057456,0
0.8063352,0
0.806612943,0
0.806890686,0
0.80716843,0
0.807446173,0
0.807723917,0
0.80800166,0
0.808279404,0
0.808557147,0
0.808834891,0
0.809112634,0
0.809390378,0
0.809668121,0
0.809945865,0
0.810223608,0
0.810501352,0
0.810779095,0
0.811056839,0
0.811334582,0
0.811612326,0
0.811890069,0
0.812167813,0
0.812445556,0
0.8127233,0
0.813001043,0
0.813278787,0
0.81355653,0
0.813834274,0
0.814112017,0
0.814389761,0
0.814667504,0
0.814945248,0
0.815222991,0
0.815500735,0
0.815778478,0
0.816056222,0
0.816333965,0
0.816611709,0
0.816889452,0
0.817167196,0
0.817444939,0
0.817722683,0
0.818000426,0
0.81827817,0
0.818555913,0
0.818833656,0
0.8191114,0
0.819389143,0
0.819666887,0
0.81994463,0
0.820222374,0
0.820500117,0
0.820777861,0
0.821055604,0
0.821333348,0
0.821611091,0
0.821888835,0
0.822166578,0
0.822444322,0
0.822722065,0
0.822999809,0
0.823277552,0
0.823555296,0
0.823833039,0
0.824110783,0
0.824388526,0
0.82466627,0
0.824944013,0
0.825221757,0
0.8254995,0
0.825777244,0
0.826054987,0
0.826332731,0
0.826610474,0
0.826888218,0
0.827165961,0
0.827443705,0
0.827721448,0
0.827999192,0
0.828276935,0
0.828554679,0
0.828832422,0
0.829110166,0
0.829387909,0
0.829665653,0
0.829943396,0
0.83022114,0
0.830498883,0
0.830776627,0
0.83105437,0
0.831332113,0
0.831609857,0
0.8318876,0
0.832165344,0
0.832443087,0
0.832720831,0
0.832998574,0
0.833276318,0
0.833554061,0
0.833831805,0
0.834109548,0
0.834387292,0
0.834665035,0
0.834942779,0
0.835220522,0
0.835498266,0
0.835776009,0
0.836053753,0
0.836331496,0
0.83660924,0
0.836886983,0
0.837164727,0
0.83744247,0
0.837720214,0
0.837997957,0
0.838275701,0
0.838553444,0
0.838831188,0
0.839108931,0
0.839386675,0
0.839664418,0
0.839942162,0
0.840219905,0
0.840497649,0
0.840775392,0
0.841053136,0
0.841330879,0
0.841608623,0
0.841886366,0
0.84216411,0
0.842441853,0
0.842719597,0
0.84299734,0
0.843275083,0
0.843552827,0
0.84383057,0
0.844108314,0
0.844386057,0
0.844663801,0
0.844941544,0
0.845219288,0
0.845497031,0
0.845774775,0
0.846052518,0
0.846330262,0
0.846608005,0
0.846885749,0
0.847163492,0
0.847441236,0
0.847718979,0
0.847996723,0
0.848274466,0
0.84855221,0
0.848829953,0
0.849107697,0
0.84938544,0
0.849663184,0
0.849940927,0
0.850218671,0
0.850496414,0
0.850774158,0
0.851051901,0
0.851329645,0
0.851607388,0
0.851885132,0
0.852162875,0
0.852440619,0
0.852718362,0
0.852996106,0
0.853273849,0
0.853551593,0
0.853829336,0
0.85410708,0
0.854384823,0
0.854662567,0
0.85494031,0
0.855218054,0
0.855495797,0
0.85577354,0
0.856051284,0
0.856329027,0
0.856606771,0
0.856884514,0
0.857162258,0
0.857440001,0
0.857717745,0
0.857995488,0
0.858273232,0
0.858550975,0
0.858828719,0
0.859106462,0
0.859384206,0
0.859661949,0
0.859939693,0
0.860217436,0
0.86049518,0
0.860772923,0
0.861050667,0
0.86132841,0
0.861606154,0
0.861883897,0
0.862161641,0
0.862439384,0
0.862717128,0
0.862994871,0
0.863272615,0
0.863550358,0
0.863828102,0
0.864105845,0
0.864383589,0
0.864661332,0
0.864939076,0
0.865216819,0
0.865494563,0
0.865772306,0
0.86605005,0
0.866327793,0
0.866605537,0
0.86688328,0
0.867161024,0
0.867438767,0
0.86771651,0
0.867994254,0
0.868271997,0
0.868549741,0
0.868827484,0
0.869105228,0
0.869382971,0
0.869660715,0
0.869938458,0
0.870216202,0
0.870493945,0
0.870771689,0
0.871049432,0
0.871327176,0
0.871604919,0
0.871882663,0
0.872160406,0
0.87243815,0
0.872715893,0
0.872993637,0
0.87327138,0
0.873549124,0
0.873826867,0
0.874104611,0
0.874382354,0
0.874660098,0
0.874937841,0
0.875215585,0
0.875493328,0
0.875771072,0
0.876048815,0
0.876326559,0
0.876604302,0
0.876882046,0
0.877159789,0
0.877437533,0
0.877715276,0
0.87799302,0
0.878270763,0
0.878548507,0
0.87882625,0
0.879103994,0
0.879381737,0
0.879659481,0
0.879937224,0
0.880214967,0
0.880492711,0
0.880770454,0
0.881048198,0
0.881325941,0
0.881603685,0
0.881881428,0
0.882159115,0
0.882436801,0
0.882714487,0
0.882992173,0
0.883269859,0
0.883547545,0
0.883825231,0
0.884102917,0
0.884380603,0
0.88465829,0
0.884935976,0
0.885213662,0
0.885491348,0
0.885769034,0
0.88604672,0
0.886324406,0
0.886602092,0
0.886879778,0
0.887157465,0
0.887435151,0
0.887712837,0
0.887990523,0
0.888268209,0
0.888545895,0
0.888823581,0
0.889101267,0
0.889378953,0
0.88965664,0
0.889934326,0
0.890212012,0
0.890489698,0
0.890767384,0
0.89104507,0
0.891322756,0
0.891600442,0
0.891878128,0
0.892155814,0
0.892433501,0
0.892711187,0
0.892988873,0
0.893266559,0
0.893544245,0
0.893821931,0
0.894099617,0
0.894377303,0
0.894654989,0
0.894932676,0
0.895210362,0
0.895488048,0
0.895765734,0
0.89604342,0
0.896321106,0
0.896598792,0
0.896876478,0
0.897154164,0
0.897431851,0
0.897709537,0
0.897987223,0
0.898264909,0
0.898542595,0
0.898820281,0
0.899097967,0
0.899375653,0
0.899653339,0
0.899931026,0
0.900208712,0
0.900486398,0
0.900764084,0
0.90104177,0
0.901319456,0
0.901597142,0
0.901874828,0
0.902152514,0
0.902430201,0
0.902707887,0
0.902985573,0
0.903263259,0
0.903540945,0
0.903818631,0
0.904096317,0
0.904374003,0
0.904651689,0
0.904929376,0
0.905207062,0
0.905484748,0
0.905762434,0
0.90604012,0
0.906317806,0
0.906595492,0
0.906873178,0
0.907150864,0
0.907428551,0
0.907706237,0
0.907983923,0
0.908261609,0
0.908539295,0
0.908816981,0
0.909094667,0
0.909372353,0
0.909650039,0
0.909927726,0
0.910205412,0
0.910483098,0
0.910760784,0
0.91103847,0
0.911316156,0
0.911593842,0
0.911871528,0
0.912149214,0
0.912426901,0
0.912704587,0
0.912982273,0
0.913259959,0
0.913537645,0
0.913815331,0
0.914093017,0
0.914370703,0
0.914648389,0
0.914926076,0
0.915203762,0
0.915481448,0
0.915759134,0
0.91603682,0
0.916314506,0
0.916592192,0
0.916869878,0
0.917147564,0
0.917425251,0
0.917702937,0
0.917980623,0
0.918258309,0
0.918535995,0
0.918813681,0
0.919091367,0
0.919369053,0
0.919646739,0
0.919924426,0
0.920202112,0
0.920479798,0
0.920757484,0
0.92103517,0
0.921312856,0
0.921590542,0
0.921868228,0
0.922145914,0
0.922423601,0
0.922701287,0
0.922978973,0
0.923256659,0
0.923534345,0
0.923812031,0
0.924089717,0
0.924367403,0
0.924645089,0
0.924922776,0
0.925200462,0
0.925478148,0
0.925755834,0
0.92603352,0
0.926311206,0
0.926588892,0
0.926866578,0
0.927144264,0
0.927421951,0
0.927699637,0
0.927977323,0
0.928255009,0
0.928532695,0
0.928810381,0
0.929088067,0
0.929365753,0
0.929643439,0
0.929921126,0
0.930198812,0
0.930476498,0
0.930754184,0
0.93103187,0
0.931309556,0
0.931587242,0
0.931864928,0
0.932142614,0
0.9324203,0
0.932697987,0
0.932975673,0
0.933253359,0
0.933531045,0
0.933808731,0
0.934086417,0
0.934364103,0
0.934641789,0
0.934919475,0
0.935197162,0
0.935474848,0
0.935752534,0
0.93603022,0
0.936307906,0
0.936585592,0
0.936863278,0
0.937140964,0
0.93741865,0
0.937696337,0
0.937974023,0
0.938251709,0
0.938529395,0
0.938807081,0
0.939084767,0
0.939362453,0
0.939640139,0
0.939917825,0
0.940195512,0
0.940473198,0
0.940750884,0
0.94102857,0
0.941306256,0
0.941583942,0
0.941861628,0
0.942139314,0
0.942417,0
0.942694687,0
0.942972373,0
0.943250059,0
0.943527745,0
0.943805431,0
0.944083117,0
0.944360803,0
0.944638489,0
0.944916175,0
0.945193862,0
0.945471548,0
0.945749234,0
0.94602692,0
0.946304606,0
0.946582292,0
0.946859978,0
0.947137664,0
0.94741535,0
0.947693037,0
0.947970723,0
0.948248409,0
0.948526095,0
0.948803781,0
0.949081467,0
0.949359153,0
0.949636839,0
0.949914525,0
0.950192212,0
0.950469898,0
0.950747584,0
0.95102527,0
0.951302956,0
0.951580642,0
0.951858328,0
0.952136014,0
0.9524137,0
0.952691387,0
0.952969073,0
0.953246759,0
0.953524445,0
0.953802131,0
0.954079817,0
0.954357503,0
0.954635189,0
0.954912875,0
0.955190562,0
0.955468248,0
0.955745934,0
0.95602362,0
0.956301306,0
0.956578992,0
0.956856678,0
0.957134364,0
0.95741205,0
0.957689737,0
0.957967423,0
0.958245109,0
0.958522795,0
0.958800481,0
0.959078167,0
0.959355853,0
0.959633539,0
0.959911225,0
0.960188912,0
0.960466598,0
0.960744284,0
0.96102197,0
0.961299656,0
0.961577342,0
0.961855028,0
0.962132714,0
0.9624104,0
0.962688087,0
0.962965773,0
0.963243459,0
0.963521145,0
0.963798831,0
0.964076517,0
0.964354203,0
0.964631889,0
0.964909575,0
0.965187262,0
0.965464948,0
0.965742634,0
0.96602032,0
0.966298006,0
0.966575692,0
0.966853378,0
0.967131064,0
0.96740875,0
0.967686437,0
0.967964123,0
0.968241809,0
0.968519495,0
0.968797181,0
0.969074867,0
0.969352553,0
0.969630239,0
0.969907925,0
0.970185612,0
0.970463298,0
0.970740984,0
0.97101867,0
0.971296356,0
0.971574042,0
0.971851728,0
0.972129414,0
0.9724071,0
0.972684786,0
0.972962473,0
0.973240159,0
0.973517845,0
0.973795531,0
0.974073217,0
0.974350903,0
0.974628589,0
0.974906275,0
0.975183961,0
0.975461648,0
0.975739334,0
0.97601702,0
0.976294706,0
0.976572392,0
0.976850078,0
0.977127764,0
0.97740545,0
0.977683136,0
0.977960823,0
0.978238509,0
0.978516195,0
0.978793881,0
0.979071567,0
0.979349253,0
0.979626939,0
0.979904625,0
0.980182311,0
0.980459998,0
0.980737684,0
0.98101537,0
0.981293056,0
0.981570742,0
0.981848428,0
0.982126114,0
0.9824038,0
0.982681486,0
0.982959173,0
0.983236859,0
0.983514545,0
0.983792231,0
0.984069917,0
0.984347603,0
0.984625289,0
0.984902975,0
0.985180661,0
0.985458348,0
0.985736034,0
0.98601372,0
0.986291406,0
0.986569092,0
0.986846778,0
0.987124464,0
0.98740215,0
0.987679836,0
0.987957523,0
0.988235209,0
0.988512895,0
0.988790581,0
0.989068267,0
0.989345953,0
0.989623639,0
0.989901325,0
0.990179011,0
0.990456698,0
0.990734384,0
0.99101207,0
0.991289756,0
0.991567442,0
0.991845128,0
0.992122814,0
0.9924005,0
0.992678186,0
0.992955873,0
0.993233559,0
0.993511245,0
0.993788931,0
0.994066617,0
0.994344303,0
0.994621989,0
0.994899675,0
0.995177361,0
0.995455048,0
0.995732734,0
0.99601042,0
0.996288106,0
0.996565792,0
0.996843478,0
0.997121164,0
0.99739885,0
0.997676536,0
0.997954223,0
0.998231909,0
0.998509595,0
0.998787281,0
0.999064967,0
0.999342653,0
0.999620339,0
0.999898025,0
1.000175711,0
1.000453398,0
1.000731084,0
1.00100877,0
1.001286456,0
1.001564142,0
1.001841828,0
1.002119514,0
1.0023972,0
1.002674886,0
1.002952573,0
1.003230259,0
1.003507945,0
1.003785631,0
1.004063317,0
1.004341003,0
1.004618689,0
1.004896375,0
1.005174061,0
1.005451748,0
1.005729434,0
1.00600712,0
1.006284806,0
1.006562492,0
1.006840178,0
1.007117864,0
1.00739555,0
1.007673236,0
1.007950923,0
1.008228609,0
1.008506295,0
1.008783981,0
1.009061667,0
1.009339353,0
1.009617039,0
1.009894725,0
1.010172411,0
1.010450098,0
1.010727784,0
1.01100547,0
1.011283156,0
1.011560842,0
1.011838528,0
1.012116214,0
1.0123939,0
1.012671586,0
1.012949273,0
1.013226959,0
1.013504645,0
1.013782331,0
1.014060017,0
1.014337703,0
1.014615389,0
1.014893075,0
1.015170761,0
1.015448447,0
1.015726134,0
1.01600382,0
1.016281506,0
1.016559192,0
1.016836878,0
1.017114564,0
1.01739225,0
1.017669936,0
1.017947622,0
1.018225309,0
1.018502995,0
1.018780681,0
1.019058367,0
1.019336053,0
1.019613739,0
1.019891425,0
1.020169111,0
1.020446797,0
1.020724484,0
1.02100217,0
1.021279856,0
1.021557542,0
1.021835228,0
1.022112914,0
1.0223906,0
1.022668286,0
1.022945972,0
1.023223659,0
1.023501345,0
1.023779031,0
1.024056717,0
1.024334403,0
1.024612089,0
1.024889775,0
1.025167461,0
1.025445147,0
1.025722834,0
1.02600052,0
1.026278206,0
1.026555892,0
1.026833578,0
1.027111264,0
1.02738895,0
1.027666636,0
1.027944322,0
1.028222009,0
1.028499695,0
1.028777381,0
1.029055067,0
1.029332753,0
1.029610439,0
1.029888125,0
1.030165811,0
1.030443497,0
1.030721184,0
1.03099887,0
1.031276556,0
1.031554242,0
1.031831928,0
1.032109614,0
1.0323873,0
1.032664986,0
1.032942672,0
1.033220359,0
1.033498045,0
1.033775731,0
1.034053417,0
1.034331103,0
1.034608789,0
1.034886475,0
1.035164161,0
1.035441847,0
1.035719534,0
1.03599722,0
1.036274906,0
1.036552592,0
1.036830278,0
1.037107964,0
1.03738565,0
1.037663336,0
1.037941022,0
1.038218709,0
1.038496395,0
1.038774081,0
1.039051767,0
1.039329453,0
1.039607139,0
1.039884825,0
1.040162511,0
1.040440197,0
1.040717884,0
1.04099557,0
1.041273256,0
1.041550942,0
1.041828628,0
1.042106314,0
1.042384,0
1.042661686,0
1.042939372,0
1.043217059,0
1.043494745,0
1.043772431,0
1.044050117,0
1.044327803,0
1.044605251,0
1.044882699,0
1.045160146,0
1.045437594,0
1.045715042,0
1.04599249,0
1.046269938,0
1.046547386,0
1.046824833,0
1.047102281,0
1.047379729,0
1.047657177,0
1.047934625,0
1.048212072,0
1.04848952,0
1.048766968,0
1.049044416,0
1.049321864,0
1.049599312,0
1.049876759,0
1.050154207,0
1.050431655,0
1.050709103,0
1.050986551,0
1.051263998,0
1.051541446,0
1.051818894,0
1.052096342,0
1.05237379,0
1.052651238,0
1.052928685,0
1.053206133,0
1.053483581,0
1.053761029,0
1.054038477,0
1.054315924,0
1.054593372,0
1.05487082,0
1.055148268,0
1.055425716,0
1.055703164,0
1.055980611,0
1.056258059,0
1.056535507,0
1.056812955,0
1.057090403,0
1.057367851,0
1.057645298,0
1.057922746,0
1.058200194,0
1.058477642,0
1.05875509,0
1.059032537,0
1.059309985,0
1.059587433,0
1.059864881,0
1.060142329,0
1.060419777,0
1.060697224,0
1.060974672,0
1.06125212,0
1.061529568,0
1.061807016,0
1.062084463,0
1.062361911,0
1.062639359,0
1.062916807,0
1.063194255,0
1.063471703,0
1.06374915,0
1.064026598,0
1.064304046,0
1.064581494,0
1.064858942,0
1.065136389,0
1.065413837,0
1.065691285,0
1.065968733,0
1.066246181,0
1.066523629,0
1.066801076,0
1.067078524,0
1.067355972,0
1.06763342,0
1.067910868,0
1.068188315,0
1.068465763,0
1.068743211,0
1.069020659,0
1.069298107,0
1.069575555,0
1.069853002,0
1.07013045,0
1.070407898,0
1.070685346,0
1.070962794,0
1.071240242,0
1.071517689,0
1.071795137,0
1.072072585,0
1.072350033,0
1.072627481,0
1.072904928,0
1.073182376,0
1.073459824,0
1.073737272,0
1.07401472,0
1.074292168,0
1.074569615,0
1.074847063,0
1.075124511,0
1.075401959,0
1.075679407,0
1.075956854,0
1.076234302,0
1.07651175,0
1.076789198,0
1.077066646,0
1.077344094,0
1.077621541,0
1.077898989,0
1.078176437,0
1.078453885,0
1.078731333,0
1.07900878,0
1.079286228,0
1.079563676,0
1.079841124,0
1.080118572,0
1.08039602,0
1.080673467,0
1.080950915,0
1.081228363,0
1.081505811,0
1.081783259,0
1.082060706,0
1.082338154,0
1.082615602,0
1.08289305,0
1.083170498,0
1.083447946,0
1.083725393,0
1.084002841,0
1.084280289,0
1.084557737,0
1.084835185,0
1.085112633,0
1.08539008,0
1.085667528,0
1.085944976,0
1.086222424,0
1.086499872,0
1.086777319,0
1.087054767,0
1.087332215,0
1.087609663,0
1.087887111,0
1.088164559,0
1.088442006,0
1.088719454,0
1.088996902,0
1.08927435,0
1.089551798,0
1.089829245,0
1.090106693,0
1.090384141,0
1.090661589,0
1.090939037,0
1.091216485,0
1.091493932,0
1.09177138,0
1.092048828,0
1.092326276,0
1.092603724,0
1.092881171,0
1.093158619,0
1.093436067,0
1.093713515,0
1.093990963,0
1.094268411,0
1.094545858,0
1.094823306,0
1.095100754,0
1.095378202,0
1.09565565,0
1.095933098,0
1.096210545,0
1.096487993,0
1.096765441,0
1.097042889,0
1.097320337,0
1.097597784,0
1.097875232,0
1.09815268,0
1.098430128,0
1.098707576,0
1.098985024,0
1.099262471,0
1.099539919,0
1.099817367,0
1.100094815,0
1.100372263,0
1.10064971,0
1.100927158,0
1.101204606,0
1.101482054,0
1.101759502,0
1.10203695,0
1.102314397,0
1.102591845,0
1.102869293,0
1.103146741,0
1.103424189,0
1.103701636,0
1.103979084,0
1.104256532,0
1.10453398,0
1.104811428,0
1.105088876,0
1.105366323,0
1.105643771,0
1.105921219,0
1.106198667,0
1.106476115,0
1.106753562,0
1.10703101,0
1.107308458,0
1.107585906,0
1.107863354,0
1.108140802,0
1.108418249,0
1.108695697,0
1.108973145,0
1.109250593,0
1.109528041,0
1.109805489,0
1.110082936,0
1.110360384,0
1.110637832,0
1.11091528,0
1.111192728,0
1.111470175,0
1.111747623,0
1.112025071,0
1.112302519,0
1.112579967,0
1.112857415,0
1.113134862,0
1.11341231,0
1.113689758,0
1.113967206,0
1.114244654,0
1.114522101,0
1.114799549,0
1.115076997,0
1.115354445,0
1.115631893,0
1.115909341,0
1.116186788,0
1.116464236,0
1.116741684,0
1.117019165,0
1.117296647,0
1.117574128,0
1.117851609,0
1.118129091,0
1.118406572,0
1.118684053,0
1.118961535,0
1.119239016,0
1.119516498,0
1.119793979,0
1.12007146,0
1.120348942,0
1.120626423,0
1.120903904,0
1.121181386,0
1.121458867,0
1.121736348,0
1.12201383,0
1.122291311,0
1.122568792,0
1.122846274,0
1.123123755,0
1.123401237,0
1.123678718,0
1.123956199,0
1.124233681,0
1.124511162,0
1.124788643,0
1.125066125,0
1.125343606,0
1.125621087,0
1.125898569,0
1.12617605,0
1.126453531,0
1.126731013,0
1.127008494,0
1.127285975,0
1.127563457,0
1.127840938,0
1.12811842,0
1.128395901,0
1.128673382,0
1.128950864,0
1.129228345,0
1.129505826,0
1.129783308,0
1.130060789,0
1.13033827,0
1.130615752,0
1.130893233,0
1.131170714,0
1.131448196,0
1.131725677,0
1.132003158,0
1.13228064,0
1.132558121,0
1.132835603,0
1.133113084,0
1.133390565,0
1.133668047,0
1.133945528,0
1.134223009,0
1.134500491,0
1.134777972,0
1.135055453,0
1.135332935,0
1.135610416,0
1.135887897,0
1.136165379,0
1.13644286,0
1.136720342,0
1.136997823,0
1.137275304,0
1.137552786,0
1.137830267,0
1.138107748,0
1.13838523,0
1.138662711,0
1.138940192,0
1.139217674,0
1.139495155,0
1.139772636,0
1.140050118,0
1.140327599,0
1.14060508,0
1.140882562,0
1.141160043,0
1.141437525,0
1.141715006,0
1.141992487,0
1.142269969,0
1.14254745,0
1.142824931,0
1.143102413,0
1.143379894,0
1.143657375,0
1.143934857,0
1.144212338,0
1.144489819,0
1.144767301,0
1.145044782,0
1.145322263,0
1.145599745,0
1.145877226,0
1.146154708,0
1.146432189,0
1.14670967,0
1.146987152,0
1.147264633,0
1.147542114,0
1.147819596,0
1.148097077,0
1.148374558,0
1.14865204,0
1.148929521,0
1.149207002,0
1.149484484,0
1.149761965,0
1.150039447,0
1.150316928,0
1.150594409,0
1.150871891,0
1.151149372,0
1.151426853,0
1.151704335,0
1.151981816,0
1.152259297,0
1.152536779,0
1.15281426,0
1.153091741,0
1.153369223,0
1.153646704,0
1.153924185,0
1.154201667,0
1.154479148,0
1.15475663,0
1.155034111,0
1.155311592,0
1.155589074,0
1.155866555,0
1.156144036,0
1.156421518,0
1.156698999,0
1.15697648,0
1.157253962,0
1.157531443,0
1.157808924,0
1.158086406,0
1.158363887,0
1.158641369,0
1.15891885,0
1.159196331,0
1.159473813,0
1.159751294,0
1.160028775,0
1.160306257,0
1.160583738,0
1.160861219,0
1.161138701,0
1.161416182,0
1.161693663,0
1.161971145,0
1.162248626,0
1.162526107,0
1.162803589,0
1.16308107,0
1.163358552,0
1.163636033,0
1.163913514,0
1.164190996,0
1.164468477,0
1.164745958,0
1.16502344,0
1.165300921,0
1.165578402,0
1.165855884,0
1.166133365,0
1.166410846,0
1.166688328,0
1.166965809,0
1.16724329,0
1.167520772,0
1.167798253,0
1.168075735,0
1.168353216,0
1.168630697,0
1.168908179,0
1.16918566,0
1.169463141,0
1.169740623,0
1.170018104,0
1.170295585,0
1.170573067,0
1.170850548,0
1.171128029,0
1.171405511,0
1.171682992,0
1.171960474,0
1.172237955,0
1.172515436,0
1.172792918,0
1.173070399,0
1.17334788,0
1.173625362,0
1.173902843,0
1.174180324,0
1.174457806,0
1.174735287,0
1.175012768,0
1.17529025,0
1.175567731,0
1.175845212,0
1.176122694,0
1.176400175,0
1.176677657,0
1.176955138,0
1.177232619,0
1.177510101,0
1.177787582,0
1.178065063,0
1.178342545,0
1.178620026,0
1.178897507,0
1.179174989,0
1.17945247,0
1.179729951,0
1.180007433,0
1.180284914,0
1.180562395,0
1.180839877,0
1.181117358,0
1.18139484,0
1.181672321,0
1.181949802,0
1.182227284,0
1.182504765,0
1.182782246,0
1.183059728,0
1.183337209,0
1.18361469,0
1.183892172,0
1.184169653,0
1.184447134,0
1.184724616,0
1.185002097,0
1.185279579,0
1.18555706,0
1.185834541,0
1.186112023,0
1.186389504,0
1.186666985,0
1.186944467,0
1.187221948,0
1.187499429,0
1.187776911,0
1.188054392,0
1.188331873,0
1.188609355,0
1.188886836,0
1.189164317,0
1.189441799,0
1.18971928,0
1.189996762,0
1.190274243,0
1.190551724,0
1.190829206,0
1.191106687,0
1.191384168,0
1.19166165,0
1.191939131,0
1.192216612,0
1.192494094,0
1.192771575,0
1.193049056,0
1.193326538,0
1.193604019,0
1.1938815,0
1.194158982,0
1.194436463,0
1.194713945,0
1.194991426,0
1.195268907,0
1.195546389,0
1.19582387,0
1.196101351,0
1.196378833,0
1.196656314,0
1.196933795,0
1.197211277,0
1.197488758,0
1.197766239,0
1.198043721,0
1.198321202,0
1.198598684,0
1.198876165,0
1.199153646,0
1.199431128,0
1.199708609,0
1.19998609,0
1.200263572,0
1.200541053,0
1.200818534,0
1.201096016,0
1.201373497,0
1.201650978,0
1.20192846,0
1.202205941,0
1.202483422,0
1.202760904,0
1.203038385,0
1.203315867,0
1.203593348,0
1.203870829,0
1.204148311,0
1.204425792,0
1.204703273,0
1.204980755,0
1.205258236,0
1.205535717,0
1.205813199,0
1.20609068,0
1.206368161,0
1.206645643,0
1.206923124,0
1.207200606,0
1.207478087,0
1.207755568,0
1.20803305,0
1.208310531,0
1.208588012,0
1.208865494,0
1.209142975,0
1.209420456,0
1.209697938,0
1.209975419,0
1.2102529,0
1.210530382,0
1.210807863,0
1.211085344,0
1.211362826,0
1.211640307,0
1.211917789,0
1.21219527,0
1.212472751,0
1.212750233,0
1.213027714,0
1.213305195,0
1.213582677,0
1.213860158,0
1.214137639,0
1.214415121,0
1.214692602,0
1.214970083,0
1.215247565,0
1.215525046,0
1.215802527,0
1.216080009,0
1.21635749,0
1.216634972,0
1.216912453,0
1.217189934,0
1.217467416,0
1.217744897,0
1.218022378,0
1.21829986,0
1.218577341,0
1.218854822,0
1.219132304,0
1.219409785,0
1.219687266,0
1.219964748,0
1.220242229,0
1.220519711,0
1.220797192,0
1.221074673,0
1.221352155,0
1.221629636,0
1.221907117,0
1.222184599,0
1.22246208,0
1.222739561,0
1.223017043,0
1.223294524,0
1.223572005,0
1.223849487,0
1.224126968,0
1.224404449,0
1.224681931,0
1.224959412,0
1.225236894,0
1.225514375,0
1.225791856,0
1.226069338,0
1.226346819,0
1.2266243,0
1.226901782,0
1.227179263,0
1.227456744,0
1.227734226,0
1.228011707,0
1.228289188,0
1.22856667,0
1.228844151,0
1.229121632,0
1.229399114,0
1.229676595,0
1.229954077,0
1.230231558,0
1.230509039,0
1.230786521,0
1.231064002,0
1.231341483,0
1.231618965,0
1.231896446,0
1.232173927,0
1.232451409,0
1.23272889,0
1.233006371,0
1.233283853,0
1.233561334,0
1.233838816,0
1.234116297,0
1.234393778,0
1.23467126,0
1.234948741,0
1.235226222,0
1.235503704,0
1.235781185,0
1.236058666,0
1.236336148,0
1.236613629,0
1.23689111,0
1.237168592,0
1.237446073,0
1.237723554,0
1.238001036,0
1.238278517,0
1.238555999,0
1.23883348,0
1.239110961,0
1.239388443,0
1.239665924,0
1.239943405,0
1.240220887,0
1.240498368,0
1.240775849,0
1.241053331,0
1.241330812,0
1.241608293,0
1.241885775,0
1.242163256,0
1.242440737,0
1.242718219,0
1.2429957,0
1.243273182,0
1.243550663,0
1.243828144,0
1.244105626,0
1.244383107,0
1.244660588,0
1.24493807,0
1.245215551,0
1.245493032,0
1.245770514,0
1.246047995,0
1.246325476,0
1.246602958,0
1.246880439,0
1.247157921,0
1.247435402,0
1.247712883,0
1.247990365,0
1.248267846,0
1.248545327,0
1.248822809,0
1.24910029,0
1.249377771,0
1.249655253,0
1.249932734,0
1.250210215,0
1.250487697,0
1.250765178,0
1.251042659,0
1.251320141,0
1.251597622,0
1.251875104,0
1.252152585,0
1.252430066,0
1.252707548,0
1.252985029,0
1.25326251,0
1.253539992,0
1.253817473,0
1.254094954,0
1.254372436,0
1.254649917,0
1.254927398,0
1.25520488,0
1.255482361,0
1.255759843,0
1.256037324,0
1.256314805,0
1.256592287,0
1.256869768,0
1.257147249,0
1.257424731,0
1.257702212,0
1.257979693,0
1.258257175,0
1.258534656,0
1.258812137,0
1.259089619,0
1.2593671,0
1.259644581,0
1.259922063,0
1.260199544,0
1.260477026,0
1.260754507,0
1.261031988,0
1.26130947,0
1.261586951,0
1.261864432,0
1.262141914,0
1.262419395,0
1.262696876,0
1.262974358,0
1.263251839,0
1.26352932,0
1.263806802,0
1.264084283,0
1.264361764,0
1.264639246,0
1.264916727,0
1.265194209,0
1.26547169,0
1.265749171,0
1.266026653,0
1.266304134,0
1.266581615,0
1.266859097,0
1.267136578,0
1.267414059,0
1.267691541,0
1.267969022,0
1.268246503,0
1.268523985,0
1.268801466,0
1.269078948,0
1.269356429,0
1.26963391,0
1.269911392,0
1.270188873,0
1.270466354,0
1.270743836,0
1.271021317,0
1.271298798,0
1.27157628,0
1.271853761,0
1.272131242,0
1.272408724,0
1.272686205,0
1.272963686,0
1.273241168,0
1.273518649,0
1.273796131,0
1.274073612,0
1.274351093,0
1.274628575,0
1.274906056,0
1.275183537,0
1.275461019,0
1.2757385,0
1.276015981,0
1.276293463,0
1.276570944,0
1.276848425,0
1.277125907,0
1.277403388,0
1.277680869,0
1.277958351,0
1.278235832,0
1.278513314,0
1.278790795,0
1.279068276,0
1.279345758,0
1.279623239,0
1.27990072,0
1.280178202,0
1.280455683,0
1.280733164,0
1.281010646,0
1.281288127,0
1.281565608,0
1.28184309,0
1.282120571,0
1.282398053,0
1.282675534,0
1.282953015,0
1.283230497,0
1.283507978,0
1.283785459,0
1.284062941,0
1.284340422,0
1.284617903,0
1.284895385,0
1.285172866,0
1.285450347,0
1.285727829,0
1.28600531,0
1.286282791,0
1.286560273,0
1.286812347,0
1.287064422,0
1.287316497,0
1.287568571,0
1.287820646,0
